Question,Answer
"–ó–¥—Ä–∞–≤—Å—Ç–≤—É–π—Ç–µ, —É –º–µ–Ω—è –≤–æ–ø—Ä–æ—Å –æ –ø–æ—Å—Ç—É–ø–ª–µ–Ω–∏–∏ –Ω–∞ —Ñ–∞–∫—É–ª—å—Ç–µ—Ç –ª–∏–Ω–≥–≤–∏—Å—Ç–∏–∫–∏. –ö–∞–∫–∏–µ –¥–≤–∞ –ø—Ä–µ–¥–º–µ—Ç–∞ –ï–ì–≠ –ø–æ –Ω–æ–≤—ã–º –ø—Ä–∞–≤–∏–ª–∞–º –Ω–µ–æ–±—Ö–æ–¥–∏–º–æ —Å–¥–∞–≤–∞—Ç—å? –†–∞–Ω–µ–µ –Ω—É–∂–Ω—ã –±—ã–ª–∏ –∏–Ω–æ—Å—Ç—Ä–∞–Ω–Ω—ã–π —è–∑—ã–∫, –æ–±—â–µ—Å—Ç–≤–æ–∑–Ω–∞–Ω–∏–µ –∏ —Ä—É—Å—Å–∫–∏–π —è–∑—ã–∫.","–î–æ–±—Ä—ã–π –¥–µ–Ω—å! –ù–∏–∫–∞–∫–∏—Ö –æ—Ñ–∏—Ü–∏–∞–ª—å–Ω—ã—Ö —Ä–∞—Å–ø–æ—Ä—è–∂–µ–Ω–∏–π –Ω–µ –ø–æ—Å—Ç—É–ø–∞–ª–æ, –ø–æ—ç—Ç–æ–º—É –≤—Å–µ –≤—Å—Ç—É–ø–∏—Ç–µ–ª—å–Ω—ã–µ –∏—Å–ø—ã—Ç–∞–Ω–∏—è –Ω–∞ –¥–∞–Ω–Ω—ã–π –º–æ–º–µ–Ω—Ç –æ—Å—Ç–∞—é—Ç—Å—è —Ç–µ –∂–µ https://www.vyatsu.ru/abiturientu/univers/dni-otkryityih-dverey-1/vstupitel-nyie-ispyitaniya-i-minimal-nyie-ballyi-p-3.html"
"–î–æ–±—Ä—ã–π –¥–µ–Ω—å,—Å–∫–∞–∂–∏—Ç–µ –ø–æ–∂–∞–ª—É–π—Å—Ç–∞,–∫–∞–∫ —Å–¥–∞–≤–∞—Ç—å –≤—Å—Ç—É–ø–∏—Ç–µ–ª—å–Ω—ã–µ –∏—Å–ø—ã—Ç–∞–Ω–∏—è –ø—Ä–∏ –ø–æ—Å—Ç—É–ø–ª–µ–Ω–∏–∏,–≤ —Å–≤—è–∑–∏ —Å —Ç–∞–∫–æ–π —Å–∏—Ç—É–∞—Ü–∏–µ–π? –î–∏—Å—Ç–∞–Ω—Ü–∏–æ–Ω–Ω–æ?","–î–æ–±—Ä—ã–π –¥–µ–Ω—å. –î–∞, –≤—Å–µ –≤—Å—Ç—É–ø–∏—Ç–µ–ª—å–Ω—ã–µ –∏—Å–ø—ã—Ç–∞–Ω–∏—è –±—É–¥—É—Ç –ª–∏–±–æ –ø—Ä–µ–¥–æ—Å—Ç–∞–≤–ª—è—Ç—å—Å—è –≤ –≤–∏–¥–µ —Ä–µ–∑—É–ª—å—Ç–∞—Ç–æ–≤ –ï–ì–≠, –ª–∏–±–æ —Å–¥–∞–≤–∞—Ç—å—Å—è –¥–∏—Å—Ç–∞–Ω—Ü–∏–æ–Ω–Ω–æ. –û–±–Ω–æ–≤–ª—ë–Ω–Ω—ã–µ –ø—Ä–æ–≥—Ä–∞–º–º—ã –≤—Å—Ç—É–ø–∏—Ç–µ–ª—å–Ω—ã—Ö –∏—Å–ø—ã—Ç–∞–Ω–∏–π –±—É–¥—É—Ç –æ–ø—É–±–ª–∏–∫–æ–≤–∞–Ω—ã –∑–¥–µ—Å—å https://www.vyatsu.ru/abiturientu/univers/dni-otkryityih-dverey-1/programmyi-vstupitel-nyih-ispyitaniy-provodimyih-v-5.html"
"–í –≤–∏–¥–µ —Ç–µ—Å—Ç–∞ –∏–ª–∏ –æ—Ç–≤–µ—Ç–æ–≤ –ø–æ –≤–∏–¥–µ–æ—Å–≤—è–∑–∏ –±—É–¥—É—Ç –ø—Ä–æ–≤–æ–¥–∏—Ç—å—Å—è –≤—Å—Ç—É–ø–∏—Ç–µ–ª—å–Ω—ã–µ –∏—Å–ø—ã—Ç–∞–Ω–∏—è?","–ö–∞–∫ —Ç–æ–ª—å–∫–æ –ø—Ä–æ–≥—Ä–∞–º–º—ã –Ω–∞ —Å–∞–π—Ç–µ –æ–±–Ω–æ–≤—è—Ç—Å—è, –í—ã –æ–±—è–∑–∞—Ç–µ–ª—å–Ω–æ –æ–± —ç—Ç–æ–º —É–∑–Ω–∞–µ—Ç–µ."
"–ó–¥—Ä–∞–≤—Å—Ç–≤—É–π—Ç–µ, —É –º–µ–Ω—è –≤–æ–ø—Ä–æ—Å –æ –ø–æ—Å—Ç—É–ø–ª–µ–Ω–∏–∏ –Ω–∞ —Ñ–∞–∫—É–ª—å—Ç–µ—Ç –ª–∏–Ω–≥–≤–∏—Å—Ç–∏–∫–∏. –ö–∞–∫–∏–µ –¥–≤–∞ –ø—Ä–µ–¥–º–µ—Ç–∞ –ï–ì–≠ –ø–æ –Ω–æ–≤—ã–º –ø—Ä–∞–≤–∏–ª–∞–º –Ω–µ–æ–±—Ö–æ–¥–∏–º–æ —Å–¥–∞–≤–∞—Ç—å? –†–∞–Ω–µ–µ –Ω—É–∂–Ω—ã –±—ã–ª–∏ –∏–Ω–æ—Å—Ç—Ä–∞–Ω–Ω—ã–π —è–∑—ã–∫, –æ–±—â–µ—Å—Ç–≤–æ–∑–Ω–∞–Ω–∏–µ –∏ —Ä—É—Å—Å–∫–∏–π —è–∑—ã–∫.","–î–æ–±—Ä—ã–π –¥–µ–Ω—å! –ù–∏–∫–∞–∫–∏—Ö –æ—Ñ–∏—Ü–∏–∞–ª—å–Ω—ã—Ö —Ä–∞—Å–ø–æ—Ä—è–∂–µ–Ω–∏–π –Ω–µ –ø–æ—Å—Ç—É–ø–∞–ª–æ, –ø–æ—ç—Ç–æ–º—É –≤—Å–µ –≤—Å—Ç—É–ø–∏—Ç–µ–ª—å–Ω—ã–µ –∏—Å–ø—ã—Ç–∞–Ω–∏—è –Ω–∞ –¥–∞–Ω–Ω—ã–π –º–æ–º–µ–Ω—Ç –æ—Å—Ç–∞—é—Ç—Å—è —Ç–µ –∂–µ https://www.vyatsu.ru/abiturientu/univers/dni-otkryityih-dverey-1/vstupitel-nyie-ispyitaniya-i-minimal-nyie-ballyi-p-3.html"
"–î–æ–±—Ä—ã–π –¥–µ–Ω—å,—Å–∫–∞–∂–∏—Ç–µ –ø–æ–∂–∞–ª—É–π—Å—Ç–∞,–∫–∞–∫ —Å–¥–∞–≤–∞—Ç—å –≤—Å—Ç—É–ø–∏—Ç–µ–ª—å–Ω—ã–µ –∏—Å–ø—ã—Ç–∞–Ω–∏—è –ø—Ä–∏ –ø–æ—Å—Ç—É–ø–ª–µ–Ω–∏–∏,–≤ —Å–≤—è–∑–∏ —Å —Ç–∞–∫–æ–π —Å–∏—Ç—É–∞—Ü–∏–µ–π? –î–∏—Å—Ç–∞–Ω—Ü–∏–æ–Ω–Ω–æ?","–î–æ–±—Ä—ã–π –¥–µ–Ω—å. –î–∞, –≤—Å–µ –≤—Å—Ç—É–ø–∏—Ç–µ–ª—å–Ω—ã–µ –∏—Å–ø—ã—Ç–∞–Ω–∏—è –±—É–¥—É—Ç –ª–∏–±–æ –ø—Ä–µ–¥–æ—Å—Ç–∞–≤–ª—è—Ç—å—Å—è –≤ –≤–∏–¥–µ —Ä–µ–∑—É–ª—å—Ç–∞—Ç–æ–≤ –ï–ì–≠, –ª–∏–±–æ —Å–¥–∞–≤–∞—Ç—å—Å—è –¥–∏—Å—Ç–∞–Ω—Ü–∏–æ–Ω–Ω–æ. –û–±–Ω–æ–≤–ª—ë–Ω–Ω—ã–µ –ø—Ä–æ–≥—Ä–∞–º–º—ã –≤—Å—Ç—É–ø–∏—Ç–µ–ª—å–Ω—ã—Ö –∏—Å–ø—ã—Ç–∞–Ω–∏–π –±—É–¥—É—Ç –æ–ø—É–±–ª–∏–∫–æ–≤–∞–Ω—ã –∑–¥–µ—Å—å https://www.vyatsu.ru/abiturientu/univers/dni-otkryityih-dverey-1/programmyi-vstupitel-nyih-ispyitaniy-provodimyih-v-5.html"
"–í –≤–∏–¥–µ —Ç–µ—Å—Ç–∞ –∏–ª–∏ –æ—Ç–≤–µ—Ç–æ–≤ –ø–æ –≤–∏–¥–µ–æ—Å–≤—è–∑–∏ –±—É–¥—É—Ç –ø—Ä–æ–≤–æ–¥–∏—Ç—å—Å—è –≤—Å—Ç—É–ø–∏—Ç–µ–ª—å–Ω—ã–µ –∏—Å–ø—ã—Ç–∞–Ω–∏—è?","–ö–∞–∫ —Ç–æ–ª—å–∫–æ –ø—Ä–æ–≥—Ä–∞–º–º—ã –Ω–∞ —Å–∞–π—Ç–µ –æ–±–Ω–æ–≤—è—Ç—Å—è, –í—ã –æ–±—è–∑–∞—Ç–µ–ª—å–Ω–æ –æ–± —ç—Ç–æ–º —É–∑–Ω–∞–µ—Ç–µ."
"–ó–¥—Ä–∞–≤—Å—Ç–≤—É–π—Ç–µ, –º–µ–Ω—è –∏–Ω—Ç–µ—Ä–µ—Å—É–µ—Ç –≤–æ–ø—Ä–æ—Å –ø–æ –ø–æ–≤–æ–¥—É –ø–æ—Å—Ç—É–ø–ª–µ–Ω–∏—è, –∞ –∏–º–µ–Ω–Ω–æ —Å—É—â–µ—Å—Ç–≤—É–µ—Ç –ª–∏ –≤–æ–∑–º–æ–∂–Ω–æ—Å—Ç—å –ø–æ–¥–∞—Ç—å –¥–æ–∫—É–º–µ–Ω—Ç—ã –ø–æ –±–∞–ª–ª–∞–º –ï–≥—ç 2019 –≥–æ–¥–∞?","–î–æ–±—Ä—ã–π –¥–µ–Ω—å! –î–∞, —Ç–∞–∫–æ–µ –≤–æ–∑–º–æ–∂–Ω–æ. –° —ç—Ç–æ–≥–æ –≥–æ–¥–∞ –ø—Ä–æ–∏–∑–æ—à–ª–æ –ø–æ–≤—ã—à–µ–Ω–∏–µ –º–∏–Ω–∏–º–∞–ª—å–Ω—ã—Ö –±–∞–ª–ª–æ–≤ –¥–ª—è –ø–æ–¥–∞—á–∏ –¥–æ–∫—É–º–µ–Ω—Ç–æ–≤, –Ω—É–∂–Ω–æ —Å–≤–µ—Ä–∏—Ç—å —Å –í–∞—à–∏–º–∏ –±–∞–ª–ª–∞–º–∏."
"–ó–¥—Ä–∞–≤—Å—Ç–≤—É–π—Ç–µ, –º–æ–∂–Ω–æ –ª–∏ –ø–µ—Ä–µ–≤–µ—Å—Ç–∏—Å—å —Å 1 –∫—É—Ä—Å–∞ –æ–¥–Ω–æ–≥–æ –≤—É–∑–∞ –Ω–∞ 1 –∫—É—Ä—Å –≤—è—Ç–≥—É –Ω–∞ —Ç—É –∂–µ —Å–ø–µ—Ü–∏–∞–ª—å–Ω–æ—Å—Ç—å?","–î–æ–±—Ä—ã–π –¥–µ–Ω—å! –ü—Ä–∏–µ–º–Ω–∞—è –∫–æ–º–∏—Å—Å–∏—è, –∫ —Å–æ–∂–∞–ª–µ–Ω–∏—é, –Ω–µ –∑–∞–Ω–∏–º–∞–µ—Ç—Å—è –ø–µ—Ä–µ–≤–æ–¥–æ–º. –û–±—Ä–∞—Ç–∏—Ç–µ—Å—å, –ø–æ–∂–∞–ª—É–π—Å—Ç–∞, –ø–æ –¥–∞–Ω–Ω–æ–º—É –≤–æ–ø—Ä–æ—Å—É –≤ –¥–µ–∫–∞–Ω–∞—Ç —Ñ–∞–∫—É–ª—å—Ç–µ—Ç–∞, –Ω–∞ –∫–æ—Ç–æ—Ä—ã–π –ø–ª–∞–Ω–∏—Ä—É–µ—Ç–µ –ø–µ—Ä–µ–≤–µ—Å—Ç–∏—Å—å https://www.vyatsu.ru/studentu-1/nauka-i-praktika.html"
"–ó–¥—Ä–∞–≤—Å—Ç–≤—É–π—Ç–µ. –í —ç—Ç–æ–º –≥–æ–¥—É –±—É–¥—É—Ç –≤—ã–¥–µ–ª—è—Ç—å—Å—è –±—é–¥–∂–µ—Ç–Ω—ã–µ –º–µ—Å—Ç–∞ –Ω–∞ –∑–∞–æ—á–Ω—É—é —Ñ–æ—Ä–º—É –æ–±—É—á–µ–Ω–∏—è –ø–æ —Å–ø–µ—Ü–∏–∞–ª—å–Ω–æ—Å—Ç–∏ –º–∞—à–∏–Ω–æ—Å—Ç—Ä–æ–µ–Ω–∏–µ? –ï—Å–ª–∏ –¥–∞, —Ç–æ –≤ –∫–∞–∫–æ–º –∫–æ–ª–∏—á–µ—Å—Ç–≤–µ –∏ –∫–∞–∫–∏–µ –ø—Ä–µ–¥—ä—è–≤–ª—è—é—Ç—Å—è —Ç—Ä–µ–±–æ–≤–∞–Ω–∏—è –∫ –∞–±–∏—Ç—É—Ä–∏–µ–Ω—Ç–∞–º?","–î–æ–±—Ä—ã–π –¥–µ–Ω—å! –í 2020 –≥–æ–¥—É, –∫ —Å–æ–∂–∞–ª–µ–Ω–∏—é, –Ω–∞ –∑–∞–æ—á–Ω—É—é —Ñ–æ—Ä–º—É –æ–±—É—á–µ–Ω–∏—è –Ω–µ –≤—ã–¥–µ–ª–µ–Ω–æ –±—é–¥–∂–µ—Ç–Ω—ã—Ö –º–µ—Å—Ç."
"–ó–¥—Ä–∞–≤—Å—Ç–≤—É–π—Ç–µ, –ø–æ–¥—Å–∫–∞–∂–∏—Ç–µ –ø–æ–∂–∞–ª—É–π—Å—Ç–∞, —Å—É—â–µ—Å—Ç–≤—É–µ—Ç –ª–∏ –ø—Ä–∏ –≤–∞—à–µ–º —É–Ω–∏–≤–µ—Ä—Å–∏—Ç–µ—Ç–µ –≥–∏–º–Ω–∞–∑–∏—è? –°–ø–∞—Å–∏–±–æ!, –õ–∏–±–æ –ª–∏—Ü–µ–π? –î–ª—è –ø—Ä–æ—Ö–æ–∂–¥–µ–Ω–∏—è 10 –∏ 11 –∫–ª–∞—Å—Å–æ–≤, —Å –ø–æ—Å–ª–µ–¥—É—é—â–∏–º –ø–æ—Å—Ç—É–ø–ª–µ–Ω–∏–µ–º –≤ –≤–∞—à –í–£–ó?","–î–æ–±—Ä—ã–π –¥–µ–Ω—å! –ù–µ—Ç. –ü—Ä–∏ —É–Ω–∏–≤–µ—Ä—Å–∏—Ç–µ—Ç–µ –µ—Å—Ç—å —Ç–æ–ª—å–∫–æ –ö–æ–ª–ª–µ–¥–∂ –í—è—Ç–ì–£."
"–î–æ–±—Ä—ã–π –¥–µ–Ω—å! –•–æ—Ç–µ–ª–∞ –±—ã –≤–∞–º –∑–∞–¥–∞—Ç—å –≤–æ–ø—Ä–æ—Å –∫–∞—Å–∞–µ–º–æ –ø–æ–¥–≥–æ—Ç–æ–≤–∏—Ç–µ–ª—å–Ω—ã—Ö –∫—É—Ä—Å–æ–≤. –ó–∞–ø–∏—Å—å –Ω–∞ –∫—É—Ä—Å—ã –ø–æ –∞–∫–∞–¥–µ–º–∏—á–µ—Å–∫–æ–º—É —Ä–∏—Å—É–Ω–∫—É –Ω–∞—á–Ω—É—Ç—Å—è –ø–æ–∑–∂–µ –∏–ª–∏ –ø—Ä—è–º–æ —Å–µ–π—á–∞—Å –º–æ–∂–Ω–æ –∑–∞–ø–∏—Å–∞—Ç—å—Å—è?","–î–æ–±—Ä—ã–π –¥–µ–Ω—å! –û–±—Ä–∞—Ç–∏—Ç–µ—Å—å, –ø–æ–∂–∞–ª—É–π—Å—Ç–∞, —Å –¥–∞–Ω–Ω—ã–º –≤–æ–ø—Ä–æ—Å–æ–º –Ω–∞ —ç–ª–µ–∫—Ç—Ä–æ–Ω–Ω—É—é –ø–æ—á—Ç—É ct@vyatsu.ru, –ª–∏–±–æ –≤ –≥—Ä—É–ø–ø—É –í–ö–æ–Ω—Ç–∞–∫—Ç–µ https://vk.com/ct_243"
"–ó–¥—Ä–∞–≤—Å—Ç–≤—É–π—Ç–µ. ¬´–•–æ—á—É —Å—Å—ã–ª–∫—É –Ω–∞ –ø—Ä–æ—Ñ—Ç–µ—Å—Ç¬ª. 9 –∫–ª–∞—Å—Å –ö–û–ì–û–ë–£ –°–û–® —Å –£–ò–û–ü –≥ –û–º—É—Ç–Ω–∏–Ω—Å–∫.  –ì–¥–µ –í–∑—è—Ç—å —Å–∞–º —Ç–µ—Å—Ç?","–î–æ–±—Ä—ã–π –¥–µ–Ω—å! –ù–∞–ø–∏—à–∏—Ç–µ, –ø–æ–∂–∞–ª—É–π—Å—Ç–∞, –Ω–∞ —ç–ª–µ–∫—Ç—Ä–æ–Ω–Ω—É—é –ø–æ—á—Ç—É prcom@vyatsu.ru"
"–ó–∞—è–≤–∫—É —è —É–∂–µ –æ—Ç–ø—Ä–∞–≤–∏–ª –Ω—É–∂–µ–Ω —Å–∞–º —Ç–µ—Å—Ç","–í–∞–º –¥–æ–ª–∂–µ–Ω –ø—Ä–∏–π—Ç–∏ –æ—Ç–≤–µ—Ç —Å–æ —Å—Å—ã–ª–∫–æ–π –Ω–∞ —Ç–µ—Å—Ç. –í—ã —É–∂–µ –ø—Ä–æ—à–ª–∏ —Ç–µ—Å—Ç–∏—Ä–æ–≤–∞–Ω–∏–µ –∏ —Ö–æ—Ç–∏—Ç–µ —Ä–µ–∑—É–ª—å—Ç–∞—Ç—ã?"
"–ù–µ—Ç—É –æ—Ç–≤–µ—Ç–∞ —Å–æ —Å—Å—ã–ª–∫–æ–π –Ω–∞ —Ç–µ—Å—Ç. –ó–∞—è–≤–∫–∞ –±—ã–ª–∞ –æ—Ç–ø—Ä–∞–≤–ª–µ–Ω–∞ 14 –º–∞—è","–í–æ–∑–º–æ–∂–Ω–æ –æ—Ç–≤–µ—Ç –ø–æ–ø–∞–ª –≤ –ø–∞–ø–∫—É '–°–ø–∞–º', –ø—Ä–æ–¥—É–±–ª–∏—Ä—É–π—Ç–µ, –ø–æ–∂–∞–ª—É–π—Å—Ç–∞, –µ—â—ë —Ä–∞–∑ –í–∞—à –∑–∞–ø—Ä–æ—Å –Ω–∞ —ç–ª–µ–∫—Ç—Ä–æ–Ω–Ω—É—é –ø–æ—á—Ç—É."
"–º–æ–∂–Ω–æ –ø–æ–≤—Ç–æ—Ä–Ω—ã–π –Ω–æ–≤—ã–π –æ—Ç–≤–µ—Ç —Å —Å—Å—ã–ª–∫–æ–π –Ω–∞ –Ω–æ–≤—ã–π —Ç–µ—Å—Ç (–±—ã–ª–∞ –ø—Ä–æ–±–ª–µ–º–∞ —Å –∫–æ–º–ø—å—é—Ç–µ—Ä–æ–º)","–ù–∞–ø–∏—à–∏—Ç–µ, –ø–æ–∂–∞–ª—É–π—Å—Ç–∞, –∑–∞—è–≤–∫—É –Ω–∞ —ç–ª–µ–∫—Ç—Ä–æ–Ω–Ω—ã–π –∞–¥—Ä–µ—Å prcom@vyatsu.ru"
"–ò –≤ –∫–∞–∫–æ–π —Ñ–æ—Ä–º–µ –ø—Ä–æ–≤–æ–¥–∏—Ç—Å—è –≤—Å—Ç—É–ø–∏—Ç–µ–ª—å–Ω–æ–µ –∏—Å–ø—ã—Ç–∞–Ω–∏–µ –ø–æ —Ä—É—Å—Å–∫–æ–º—É —è–∑—ã–∫—É –≤ —Å–ª—É—á–∞–µ –Ω–µ–æ–±—Ö–æ–¥–∏–º–æ—Å—Ç–∏ –µ–≥–æ –Ω–∞–ø–∏—Å–∞–Ω–∏—è?–ø–æ—Å—Ç—É–ø–∞—é –Ω–∞ –æ—á–Ω—É—é —Ñ–æ—Ä–º—É","–î–æ–±—Ä—ã–π –¥–µ–Ω—å! –í—ã–ø—É—Å–∫–Ω–∏–∫–∞–º —à–∫–æ–ª –¥–ª—è –ø–æ—Å—Ç—É–ø–ª–µ–Ω–∏—è –≤ –≤—É–∑ –Ω—É–∂–Ω—ã —Ä–µ–∑—É–ª—å—Ç–∞—Ç—ã –ï–ì–≠, –≤ —Ç–æ–º —á–∏—Å–ª–µ –∏ –ø–æ —Ä—É—Å—Å–∫–æ–º—É —è–∑—ã–∫—É. –¢–µ—Å—Ç–∏—Ä–æ–≤–∞–Ω–∏–µ –ø–æ –æ–±—â–µ–æ–±—Ä–∞–∑–æ–≤–∞—Ç–µ–ª—å–Ω—ã–º –ø—Ä–µ–¥–º–µ—Ç–∞–º –≤ –≤—É–∑–µ –º–æ–≥—É—Ç —Å–¥–∞–≤–∞—Ç—å —Ç–æ–ª—å–∫–æ –ª–∏—Ü–∞ —Å –ø—Ä–æ—Ñ–µ—Å—Å–∏–æ–Ω–∞–ª—å–Ω—ã–º –æ–±—Ä–∞–∑–æ–≤–∞–Ω–∏–µ–º (–æ–∫–æ–Ω—á–∏–≤—à–∏–µ –∫–æ–ª–ª–µ–¥–∂ –∏–ª–∏ —Ç–µ—Ö–Ω–∏–∫—É–º –∏–ª–∏ –≤—É–∑), –ª–∏—Ü–∞ —Å –∏–Ω–≤–∞–ª–∏–¥–Ω–æ—Å—Ç—å—é, –∏–Ω–æ—Å—Ç—Ä–∞–Ω–Ω—ã–µ –≥—Ä–∞–∂–¥–∞–Ω–µ."
"–ö–∞–∫ —è –º–æ–≥—É –ø—Ä–µ–¥–æ—Å—Ç–∞–≤–∏—Ç—å —Ä–µ–∑—É–ª—å—Ç–∞—Ç—ã –ï–ì–≠ –ø–æ —Ä—É—Å—Å–∫–æ–º—É,–µ—Å–ª–∏ –ï–ì–≠ –ø–æ —Ä—É—Å—Å–∫–æ–º—É —è–∑—ã–∫—É –æ—Ç–º–µ–Ω–∏–ª–∏?","–ü–æ–∫–∞ –æ—Ñ–∏—Ü–∏–∞–ª—å–Ω–æ–≥–æ –ø—Ä–∏–∫–∞–∑–∞ –æ–± –æ—Ç–º–µ–Ω–µ –ï–ì–≠ –ø–æ —Ä—É—Å—Å–∫–æ–º—É —è–∑—ã–∫—É –Ω–µ –±—ã–ª–æ. –û–¥–Ω–∞–∫–æ –µ—Å–ª–∏ —ç—Ç–æ –ø—Ä–æ–∏–∑–æ–π–¥—ë—Ç, —Ç–æ, –≤–µ—Ä–æ—è—Ç–Ω–µ–µ –≤—Å–µ–≥–æ, –≤ –≤—É–∑–µ —Å–¥–∞–≤–∞—Ç—å –≤—Å—Ç—É–ø–∏—Ç–µ–ª—å–Ω—ã–π —ç–∫–∑–∞–º–µ–Ω –ø–æ —Ä—É—Å—Å–∫–æ–º—É –Ω–µ –ø—Ä–∏–¥—ë—Ç—Å—è - –≤–æ–∑–º–æ–∂–Ω–æ, –ø—Ä–∏—ë–º –±—É–¥–µ—Ç –ø—Ä–æ–≤–æ–¥–∏—Ç—å—Å—è –ø–æ –¥–≤—É–º –¥—Ä—É–≥–∏–º –ï–ì–≠."
"–ê –µ—Å–ª–∏ –Ω–∞ –º–æ—é –Ω–∞ —Å–ø–µ—Ü–∏–∞–ª—å–Ω–æ—Å—Ç—å –∏—Ç–∞–∫  –Ω—É–∂–Ω–æ –±—É–¥–µ—Ç —Ç–æ–ª—å–∫–æ –¥–≤–∞ –ø—Ä–µ–¥–º–µ—Ç–∞ –ï–ì–≠,–≤–∫–ª—é—á–∞—è —Ä—É—Å—Å–∫–∏–π —è–∑—ã–∫?","–í–æ–∑–º–æ–∂–Ω–æ, –≤ —Ç–∞–∫–æ–º —Å–ª—É—á–∞–µ –±—É–¥–µ—Ç —É—á–∏—Ç—ã–≤–∞—Ç—å—Å—è –æ–¥–∏–Ω –ï–ì–≠ –∏ —Ç–æ –ø—Ä–æ—Ñ–µ—Å—Å–∏–æ–Ω–∞–ª—å–Ω–æ–µ –∏–ª–∏ —Ç–≤–æ—Ä—á–µ—Å–∫–æ–µ –≤—Å—Ç—É–ø–∏—Ç–µ–ª—å–Ω–æ–µ –∏—Å–ø—ã—Ç–∞–Ω–∏–µ, –∫–æ—Ç–æ—Ä–æ–µ –í–∞–º –Ω—É–∂–Ω–æ –±—É–¥–µ—Ç —Å–¥–∞—Ç—å –≤ –≤—É–∑–µ. –û–¥–Ω–∞–∫–æ –æ—Ñ–∏—Ü–∏–∞–ª—å–Ω–æ —Ç–∞–∫–æ–µ —Ä–∞—Å–ø–æ—Ä—è–∂–µ–Ω–∏–µ –Ω–µ –≤—ã—à–ª–æ, –ø–æ—ç—Ç–æ–º—É –ø–æ–∫–∞ –≥–æ—Ç–æ–≤—å—Ç–µ—Å—å –∫ –ï–ì–≠ –ø–æ —Ä—É—Å—Å–∫–æ–º—É —Ç–æ–∂–µ)"
"–ê –≥–¥–µ –Ω–∞ —Å–∞–π—Ç–µ —è —Å–º–æ–≥—É —É–≤–∏–¥–µ—Ç—å —Ç–∞–∫–æ–µ —Ä–∞—Å–ø–æ—Ä—è–∂–µ–Ω–∏–µ ?–∏ –≤ –∫–∞–∫–∏—Ö —á–∏—Å–ª–∞—Ö?","–ï—Å–ª–∏ —Ç–∞–∫–∞—è –∏–Ω—Ñ–æ—Ä–º–∞—Ü–∏—è –ø–æ—Å—Ç—É–ø–∏—Ç, —Ç–æ –æ–Ω–∞ –ø–æ—è–≤–∏—Ç—Å—è –≤ –Ω–æ–≤–æ—Å—Ç—è—Ö –Ω–∞ –≥–ª–∞–≤–Ω–æ–π —Å—Ç—Ä–∞–Ω–∏—Ü–µ —Å–∞–π—Ç–∞ –∏–ª–∏ –≤ —Ä–∞–∑–¥–µ–ª–µ '–ê–±–∏—Ç—É—Ä–∏–µ–Ω—Ç—É', –∞ —Ç–∞–∫–∂–µ –≤ –Ω–∞—à–µ–π –≥—Ä—É–ø–ø–µ. –ü–æ —Å—Ä–æ–∫–∞–º —Å–æ—Ä–∏–µ–Ω—Ç–∏—Ä–æ–≤–∞—Ç—å –Ω–µ –º–æ–∂–µ–º, —Ç–∞–∫ –∫–∞–∫ —Ä–µ—à–µ–Ω–∏–µ –ø—Ä–∏–Ω–∏–º–∞–µ—Ç—Å—è –ú–∏–Ω–∏—Å—Ç–µ—Ä—Å—Ç–≤–æ–º."
"–Ø –ø—Ä–∞–≤–∏–ª—å–Ω–æ –ø–æ–Ω—è–ª–∞,—á—Ç–æ –µ—Å–ª–∏ —è –ø–æ—Å—Ç—É–ø–∞—é –Ω–∞ –æ—á–Ω—É—é —Ñ–æ—Ä–º—É –æ–±—É—á–µ–Ω–∏—è,—Ç–æ —è –º–æ–≥—É –ø–æ–¥–∞—Ç—å –¥–æ–∫—É–º–µ–Ω—Ç—ã –Ω–∞ –ø–æ—Å—Ç—É–ø–ª–µ–Ω–∏–µ –¥–∏—Å—Ç–∞–Ω—Ü–∏–æ–Ω–Ω–æ?, –ò —Å–∫–æ–ª—å–∫–æ –Ω—É–∂–Ω–æ —Ñ–æ—Ç–æ 3*4 –¥–ª—è –ø–æ—Å—Ç—É–ø–ª–µ–Ω–∏—è?","–í—ã –ø—Ä–∞–≤–∏–ª—å–Ω–æ –ø–æ–Ω—è–ª–∏, –ø—Ä–∏—ë–º –¥–æ–∫—É–º–µ–Ω—Ç–æ–≤ –±—É–¥–µ—Ç –æ—Å—É—â–µ—Å—Ç–≤–ª—è—Ç—å—Å—è —Ç–æ–ª—å–∫–æ –≤ –¥–∏—Å—Ç–∞–Ω—Ü–∏–æ–Ω–Ω–æ–º —Ñ–æ—Ä–º–∞—Ç–µ https://www.vyatsu.ru/internet-gazeta/instruktsiya-po-primeneniyu-ili-kak-postupit-v-vya.html"
"4 —Ñ–æ—Ç–æ –Ω—É–∂–Ω–æ –≤–µ–¥—å?","–î–∞, –≤—Å—ë –≤–µ—Ä–Ω–æ, 4 —Ñ–æ—Ç–æ."
"–ê –∫–æ–≥–¥–∞ –Ω—É–∂–Ω–æ –±—É–¥–µ—Ç –æ—Ç–¥–∞—Ç—å –æ—Ä–∏–≥–∏–Ω–∞–ª—ã –¥–æ–∫—É–º–µ–Ω—Ç–æ–≤?—É–∂–µ –∏–∑–≤–µ—Å—Ç–Ω—ã —Å—Ä–æ–∫–∏?","–ö —Å–æ–∂–∞–ª–µ–Ω–∏—é, —Å—Ä–æ–∫–∏ –ø–æ–¥–∞—á–∏ –¥–æ–∫—É–º–µ–Ω—Ç–æ–≤ –Ω–µ –∏–∑–≤–µ—Å—Ç–Ω—ã., –ö–∞–∫ —Ç–æ–ª—å–∫–æ —Ä–∞—Å–ø–∏—Å–∞–Ω–∏–µ –ï–ì–≠ –±—É–¥–µ—Ç —É—Ç–≤–µ—Ä–∂–¥–µ–Ω–æ, –Ω–∞ –æ—Ñ–∏—Ü–∏–∞–ª—å–Ω–æ–º —Å–∞–π—Ç–µ –í—è—Ç–ì–£ –±—É–¥—É—Ç –æ–ø—É–±–ª–∏–∫–æ–≤–∞–Ω—ã —Å—Ä–æ–∫–∏ –ø–æ–¥–∞—á–∏ –¥–æ–∫—É–º–µ–Ω—Ç–æ–≤."
"–ê –∫–æ–ø–∏—é –∞—Ç—Ç–µ—Å—Ç–∞—Ç–∞ –≤–µ–¥—å –Ω–µ –Ω—É–∂–Ω–æ –∑–∞–≤–µ—Ä—è—Ç—å?–ø—Ä–æ—Å—Ç–æ –∫—Å–µ—Ä–æ–∫–æ–ø–∏—è?","–î–∞, –≤—Å—ë –≤–µ—Ä–Ω–æ. –ü–æ–Ω–∞–¥–æ–±–∏—Ç—å—Å—è —Ç–æ–ª—å–∫–æ —Å–∫–∞–Ω-–∫–æ–ø–∏—è –∞—Ç—Ç–µ—Å—Ç–∞—Ç–∞."
"–î–æ–±—Ä—ã–π –¥–µ–Ω—å, –≤ —Å–≤—è–∑–∏ —Å –Ω–µ–ø–æ–Ω—è—Ç–Ω–æ–π —Å–∏—Ç—É–∞—Ü–∏–∏ —Å —ç–∫–∑–∞–º–µ–Ω–∞–º–∏, —Ö–æ—Ç–µ–ª –±—ã —Å–ø—Ä–æ—Å–∏—Ç—å, –≤ –í—è—Ç–ì–£ –Ω—É–∂–Ω—ã –ª–∏ –±—É–¥—É—Ç —Ä–µ–∑—É–ª—å—Ç–∞—Ç—ã –ï–ì–≠ –ø–æ —Ä—É—Å—Å–∫–æ–º—É —è–∑—ã–∫—É","–î–æ–±—Ä—ã–π –¥–µ–Ω—å! –î–∞, –≤—ã–ø—É—Å–∫–Ω–∏–∫–∞–º —à–∫–æ–ª –¥–ª—è –ø–æ—Å—Ç—É–ø–ª–µ–Ω–∏—è –≤ –≤—É–∑ –Ω—É–∂–Ω—ã —Ä–µ–∑—É–ª—å—Ç–∞—Ç—ã –ï–ì–≠. –¢–µ—Å—Ç–∏—Ä–æ–≤–∞–Ω–∏–µ –ø–æ –æ–±—â–µ–æ–±—Ä–∞–∑–æ–≤–∞—Ç–µ–ª—å–Ω—ã–º –ø—Ä–µ–¥–º–µ—Ç–∞–º –≤ –≤—É–∑–µ –º–æ–≥—É—Ç —Å–¥–∞–≤–∞—Ç—å —Ç–æ–ª—å–∫–æ –ª–∏—Ü–∞ —Å –ø—Ä–æ—Ñ–µ—Å—Å–∏–æ–Ω–∞–ª—å–Ω—ã–º –æ–±—Ä–∞–∑–æ–≤–∞–Ω–∏–µ–º (–æ–∫–æ–Ω—á–∏–≤—à–∏–µ –∫–æ–ª–ª–µ–¥–∂ –∏–ª–∏ —Ç–µ—Ö–Ω–∏–∫—É–º –∏–ª–∏ –≤—É–∑), –ª–∏—Ü–∞ —Å –∏–Ω–≤–∞–ª–∏–¥–Ω–æ—Å—Ç—å—é, –∏–Ω–æ—Å—Ç—Ä–∞–Ω–Ω—ã–µ –≥—Ä–∞–∂–¥–∞–Ω–µ."
"–î–æ–±—Ä—ã–π –¥–µ–Ω—å, –º–æ–∂–µ—Ç–µ –ª–∏ –≤—ã –º–Ω–µ –ø–æ–º–æ—á—å —Å –≤–æ–ø—Ä–æ—Å–æ–º –ø–æ –ø–æ–≤–æ–¥—É –æ–ª–∏–º–ø–∏–∞–¥—ã, –Ø –Ω–µ –º–æ–≥—É –∑–∞–π—Ç–∏ –∏ –¥–æ–ø–∏—Å–∞—Ç—å—Å—è –Ω–∞ –ø–æ—á—Ç—É, —Å –∫–æ—Ç–æ—Ä–æ–π –º–Ω–µ –æ—Ç–ø—Ä–∞–≤–ª—è–ª–∏ –ª–æ–≥–∏–Ω –∏ –ø–∞—Ä–æ–ª—å, –ë—É–¥—É –æ—á–µ–Ω—å –ø—Ä–∏–∑–Ω–∞—Ç–µ–ª–µ–Ω –µ—Å–ª–∏ –≤—ã —Å–º–æ–∂–µ—Ç–µ –º–Ω–µ –æ–∫–∞–∑–∞—Ç—å –∫–∞–∫—É—é-–Ω–∏–±—É–¥—å –ø–æ–º–æ—â—å","–î–æ–±—Ä—ã–π –¥–µ–Ω—å! –£—Ç–æ—á–Ω–∏—Ç–µ, –ø–æ–∂–∞–ª—É–π—Å—Ç–∞, –∫–∞–∫—É—é –æ–ª–∏–º–ø–∏–∞–¥—É –í—ã –∏–º–µ–µ—Ç–µ –≤–≤–∏–¥—É?"
"–ó–¥—Ä–∞–≤—Å—Ç–≤—É–π—Ç–µ, –•–æ—á—É —É–∑–Ω–∞—Ç—å –Ω–∞ —Å—á—ë—Ç –º–∞–≥–∏—Å—Ç—Ä–∞—Ç—É—Ä—ã, –ï—Å–ª–∏ –ª–∏ –∑–∞–æ—á–Ω–∞—è —Ñ–æ—Ä–º–∞, –õ–æ–≥–æ–ø–µ–¥—É –¥–µ—Ñ–µ–∫—Ç–æ–ª–æ–≥, –ö–∞–∫–∏–µ —É—Å–ª–æ–≤–∏—è –ø—Ä–∏ –ø–æ—Å—Ç—É–ø–ª–µ–Ω–∏–∏, –¶–µ–Ω–∞, –ò –≤—Ä–µ–º—è –æ–±—É—á–µ–Ω–∏—è, ???","–î–æ–±—Ä—ã–π –¥–µ–Ω—å! –î–∞, –≤ 2020 –≥–æ–¥—É –±—É–¥–µ—Ç –Ω–∞–±–æ—Ä –Ω–∞ –∑–∞–æ—á–Ω—É—é —Ñ–æ—Ä–º—É –æ–±—É—á–µ–Ω–∏—è –º–∞–≥–∏—Å—Ç—Ä–∞—Ç—É—Ä—ã '–°–ø–µ—Ü–∏–∞–ª—å–Ω–æ–µ (–¥–µ—Ñ–µ–∫—Ç–æ–ª–æ–≥–∏—á–µ—Å–∫–æ–µ) –æ–±—Ä–∞–∑–æ–≤–∞–Ω–∏–µ. –õ–æ–≥–æ–ø–µ–¥–∏—á–µ—Å–∫–∞—è —Ä–∞–±–æ—Ç–∞ –≤ —Å–∏—Å—Ç–µ–º–µ –æ–±—Ä–∞–∑–æ–≤–∞–Ω–∏—è'. –ü—Ä–∏–µ–º –¥–æ–∫—É–º–µ–Ω—Ç–æ–≤ –Ω–∞—á–Ω–µ—Ç—Å—è 20 –∏—é–Ω—è 2020 –≥–æ–¥–∞ –∏ –±—É–¥–µ—Ç –ø—Ä–æ—Ö–æ–¥–∏—Ç—å —Ç–æ–ª—å–∫–æ –≤ –¥–∏—Å—Ç–∞–Ω—Ü–∏–æ–Ω–Ω–æ–º —Ñ–æ—Ä–º–∞—Ç–µ https://www.vyatsu.ru/internet-gazeta/instruktsiya-po-primeneniyu-ili-kak-postupit-v-vya.html –°—Ç–æ–∏–º–æ—Å—Ç—å –æ–±—É—á–µ–Ω–∏—è –±—É–¥–µ—Ç —É—Å—Ç–∞–Ω–æ–≤–ª–µ–Ω–∞ –∏ –æ–ø—É–±–ª–∏–∫–æ–≤–∞–Ω–∞ –Ω–∞ –æ—Ñ–∏—Ü–∏–∞–ª—å–Ω–æ–º —Å–∞–π—Ç–µ –í—è—Ç–ì–£ –∫ –Ω–∞—á–∞–ª—É –ø—Ä–∏–µ–º–∞ –¥–æ–∫—É–º–µ–Ω—Ç–æ–≤. –°—Ä–æ–∫ –æ–±—É—á–µ–Ω–∏—è 2 –≥–æ–¥–∞ 3 –º–µ—Å—è—Ü–∞."
"–Ø —è–≤–ª—è—é—Å—å –Ω–∞ –¥–∞–Ω–Ω—ã–π –º–æ–º–µ–Ω—Ç —Å—Ç—É–¥–µ–Ω—Ç–æ–º –≤—è—Ç–≥—É, –ó–∞–∫–∞–Ω—á–∏–≤–∞—é –±–∞–∫–∞–ª–∞–≤—Ä –¥–æ—à–∫–æ–ª—å–Ω–æ–µ –æ–±—Ä–∞–∑–æ–≤–∞–Ω–∏–µ –¥–µ—Ç–µ–π –∑–∞—Ç–æ—á–∫–∞ 5 –∫—É—Ä—Å, –ü–æ–¥—Å–∫–∞–∂–∏—Ç–µ –∫–∞–∫ —É –Ω–∏—Ö –∑–∞–Ω—è—Ç–∏—è —Ç–∞–∫ –¥–µ –Ω–∞ —Å–µ—Å—Å–∏—é –ø—Ä–∏–µ–∑–∂–∞–µ–º –∏ —Ç–∞–∫ –¥–≤–∞ —Ä–∞–∑–∞ –≤ –≥–æ–¥?, –Ø –Ω–µ –∏–∑ –ö–∏—Ä–æ–≤–∞, –ü–æ—ç—Ç–æ–º—É –∏ —Å–ø—Ä–∞—à–∏–≤–∞—é","–î–∞, –≤—Å—ë –≤–µ—Ä–Ω–æ, 2 —Å–µ—Å—Å–∏–∏ –≤ –≥–æ–¥."
"–î–æ–±—Ä—ã–π –¥–µ–Ω—å, –ø–æ–¥—Å–∫–∞–∂–∏—Ç–µ –ø–æ–∂–∞–ª—É–π—Å—Ç–∞, –∫—É–¥–∞ –Ω—É–∂–Ω–æ –æ—Ç–ø—Ä–∞–≤–ª—è—Ç—å –ø—Ä–∏–ª–æ–∂–µ–Ω–∏—è, —á—Ç–æ–±—ã –∑–∞—Ä–µ–≥–∏—Å—Ç—Ä–∏—Ä–æ–≤–∞—Ç—å—Å—è –Ω–∞ —É—á–∞—Å—Ç–∏–µ –≤ –æ–ª–∏–º–ø–∏–∞–¥–µ? –ü–æ —Å—Å—ã–ª–∫–µ —è –∑–∞—Ä–µ–≥–∏—Å—Ç—Ä–∏—Ä–æ–≤–∞–ª—Å—è, ","–î–æ–±—Ä—ã–π –¥–µ–Ω—å! –ö –æ—Ä–≥–∞–Ω–∏–∑–∞—Ç–æ—Ä–∞–º –∫–æ–Ω–∫—É—Ä—Å–∞: –¥–∏—Ä–µ–∫—Ü–∏—è –ü–æ–ª–∏—Ç–µ—Ö–Ω–∏—á–µ—Å–∫–æ–≥–æ –∏–Ω—Å—Ç–∏—Ç—É—Ç–∞, 89091319235, es_plusnin@vyatsu.ru"
"–ó–¥—Ä–∞–≤—Å—Ç–≤—É–π—Ç–µ. –ú–µ–Ω—è –∏–Ω—Ç–µ—Ä–µ—Å—É–µ—Ç –ø–æ—Å—Ç—É–ø–ª–µ–Ω–∏–µ –Ω–∞ –∫–∞—Ñ–µ–¥—Ä—É –±–∏–æ–ª–æ–≥–∏–∏ –∏ –±–∏–æ—Ç–µ—Ö–Ω–æ–ª–æ–≥–∏–∏, —Å–ø–µ—Ü–∏–∞–ª—å–Ω–æ—Å—Ç—å –º–∏–∫—Ä–æ–±–∏–æ–ª–æ–≥. –ï—Å—Ç—å —Å—Ä–µ–¥–Ω–µ–µ-—Å–ø–µ—Ü–∏–∞–ª—å–Ω–æ–µ –æ–±—Ä–∞–∑–æ–≤–∞–Ω–∏–µ. –ö–∞–∫ —Å–µ–π—á–∞—Å –ø–æ—Å—Ç—É–ø–∞—Ç—å –≤ —É—Å–ª–æ–≤–∏—è—Ö –∫–∞—Ä–∞–Ω—Ç–∏–Ω–∞?","–î–æ–±—Ä—ã–π –¥–µ–Ω—å! –ü—Ä–∏–µ–º –¥–æ–∫—É–º–µ–Ω—Ç–æ–≤ –±—É–¥–µ—Ç –æ—Å—É—â–µ—Å—Ç–≤–ª—è—Ç—å—Å—è –¥–∏—Å—Ç–∞–Ω—Ü–∏–æ–Ω–Ω–æ https://www.vyatsu.ru/internet-gazeta/instruktsiya-po-primeneniyu-ili-kak-postupit-v-vya.html, –ù–∞ –±–∞–∑–µ —Å—Ä–µ–¥–Ω–µ–≥–æ –ø—Ä–æ—Ñ–µ—Å—Å–∏–æ–Ω–∞–ª—å–Ω–æ–≥–æ –æ–±—Ä–∞–∑–æ–≤–∞–Ω–∏—è –í—ã –º–æ–∂–µ—Ç–µ –ø–æ—Å—Ç—É–ø–∞—Ç—å –∫–∞–∫ –ø–æ —Ä–µ–∑—É–ª—å—Ç–∞—Ç–∞–º –ï–ì–≠, —Ç–∞–∫ –∏ –ø–æ —Ä–µ–∑—É–ª—å—Ç–∞—Ç–∞–º —Ç–µ—Å—Ç–∏—Ä–æ–≤–∞–Ω–∏—è (—Ä—É—Å—Å–∫–∏–π —è–∑—ã–∫, –º–∞—Ç–µ–º–∞—Ç–∏–∫–∞, –±–∏–æ–ª–æ–≥–∏—è). –¢–µ—Å—Ç–∏—Ä–æ–≤–∞–Ω–∏–µ –≤ 2020 –≥–æ–¥—É —Ç–∞–∫–∂–µ –±—É–¥–µ—Ç –ø—Ä–æ–≤–æ–¥–∏—Ç—å—Å—è –¥–∏—Å—Ç–∞–Ω—Ü–∏–æ–Ω–Ω–æ."
"–ó–¥—Ä–∞–≤—Å—Ç–≤—É–π—Ç–µ. –Ø –∑–∏–º–æ–π –∑–≤–æ–Ω–∏–ª–∞ –≤ –∏–Ω—Å—Ç–∏—Ç—É—Ç –∏ —É–∑–Ω–∞–≤–∞–ª –æ –º–∞–π—Å–∫–∏—Ö  –ø–æ–¥–≥–æ—Ç–æ–≤–∏—Ç–µ–ª—å–Ω—ã—Ö –∫—É—Ä—Å–∞—Ö. –û–Ω–∏ –≤ —ç—Ç–æ–º –º–µ—Å—è—Ü–µ –≤—Å—ë-—Ç–∞–∫–∏ –ø—Ä–æ—Ö–æ–¥–∏–ª–∏? –ò–ª–∏ –∏—Ö –ø–µ—Ä–µ–Ω–µ—Å–ª–∏?","–î–æ–±—Ä—ã–π –¥–µ–Ω—å! –ü–æ–¥–≥–æ—Ç–æ–≤–∏—Ç–µ–ª—å–Ω—ã–µ –∫—É—Ä—Å—ã –±—É–¥—É—Ç –ø—Ä–æ–≤–æ–¥–∏—Ç—å—Å—è –≤ –¥–∏—Å—Ç–∞–Ω—Ü–∏–æ–Ω–Ω–æ–º —Ñ–æ—Ä–º–∞—Ç–µ. –ü–æ–¥—Ä–æ–±–Ω–µ–µ —É—Ç–æ—á–Ω–∏—Ç–µ, –ø–æ–∂–∞–ª—É–π—Å—Ç–∞, –≤ —ç—Ç–æ–π –≥—Ä—É–ø–ø–µ https://vk.com/ct_243"
"–ó–¥—Ä–∞–≤—Å—Ç–≤—É–π—Ç–µ,–º–Ω–µ –Ω—É–∂–Ω–æ —É–∑–Ω–∞—Ç—å –æ —Å–ø–æ—Ä—Ç–∏–≤–Ω—ã—Ö, –§–∞–∫—É–ª—å—Ç–µ—Ç–∞—Ö","–î–æ–±—Ä—ã–π –¥–µ–Ω—å. –ß—Ç–æ –í—ã —Ö–æ—Ç–∏—Ç–µ —É–∑–Ω–∞—Ç—å?"
"–ö–∞–∫–∏–µ –≤—Å—Ç—É–ø–∏—Ç–µ–ª—å–Ω—ã–µ —ç–∫–∑–∞–º–µ–Ω—ã","–ï—Å–ª–∏ –í—ã –±—É–¥–µ—Ç–µ –ø–æ—Å—Ç—É–ø–∞—Ç—å –ø–æ—Å–ª–µ –æ–∫–æ–Ω—á–∞–Ω–∏—è 11 –∫–ª–∞—Å—Å–æ–≤, —Ç–æ –Ω–∞ –Ω–∞–ø—Ä–∞–≤–ª–µ–Ω–∏—è '–ü–µ–¥–∞–≥–æ–≥–∏—á–µ—Å–∫–æ–µ –æ–±—Ä–∞–∑–æ–≤–∞–Ω–∏–µ. –ë–µ–∑–æ–ø–∞—Å–Ω–æ—Å—Ç—å –∂–∏–∑–Ω–µ–¥–µ—è—Ç–µ–ª—å–Ω–æ—Å—Ç–∏, —Ñ–∏–∑–∏—á–µ—Å–∫–∞—è –∫—É–ª—å—Ç—É—Ä–∞' –∏ '–ü–µ–¥–∞–≥–æ–≥–∏—á–µ—Å–∫–æ–µ –æ–±—Ä–∞–∑–æ–≤–∞–Ω–∏–µ. –§–∏–∑–∏—á–µ—Å–∫–∞—è –∫—É–ª—å—Ç—É—Ä–∞ –∏ —Å–ø–æ—Ä—Ç' –Ω–µ–æ–±—Ö–æ–¥–∏–º—ã –ï–ì–≠ –ø–æ –æ–±—â–µ—Å—Ç–≤–æ–∑–Ω–∞–Ω–∏—é –∏ —Ä—É—Å—Å–∫–æ–º—É —è–∑—ã–∫—É, –∞ —Ç–∞–∫–∂–µ –Ω—É–∂–Ω–æ –±—É–¥–µ—Ç —Å–¥–∞—Ç—å –≤ –≤—É–∑–µ –ø—Ä–æ—Ñ–µ—Å—Å–∏–æ–Ω–∞–ª—å–Ω–æ–µ –≤—Å—Ç—É–ø–∏—Ç–µ–ª—å–Ω–æ–µ –∏—Å–ø—ã—Ç–∞–Ω–∏–µ –ø–æ –æ–±—â–µ–π —Ñ–∏–∑–∏—á–µ—Å–∫–æ–π –ø–æ–¥–≥–æ—Ç–æ–≤–∫–µ. –ï—Å–ª–∏ –∂–µ –í–∞—Å –∏–Ω—Ç–µ—Ä–µ—Å—É–µ—Ç –Ω–∞–ø—Ä–∞–≤–ª–µ–Ω–∏–µ '–§–∏–∑–∏—á–µ—Å–∫–∞—è –∫—É–ª—å—Ç—É—Ä–∞ –¥–ª—è –ª–∏—Ü —Å –æ—Ç–∫–ª–æ–Ω–µ–Ω–∏—è–º–∏ –≤ —Å–æ—Å—Ç–æ—è–Ω–∏–∏ –∑–¥–æ—Ä–æ–≤—å—è (–∞–¥–∞–ø—Ç–∏–≤–Ω–∞—è —Ñ–∏–∑–∏—á–µ—Å–∫–∞—è –∫—É–ª—å—Ç—É—Ä–∞)', —Ç–æ –Ω—É–∂–Ω—ã –ï–ì–≠ –ø–æ –±–∏–æ–ª–æ–≥–∏–∏ –∏ —Ä—É—Å—Å–∫–æ–º—É —è–∑—ã–∫—É, –∞ —Ç–∞–∫–∂–µ –ø—Ä–æ—Ñ–µ—Å—Å–∏–æ–Ω–∞–ª—å–Ω–æ–µ –≤—Å—Ç—É–ø–∏—Ç–µ–ª—å–Ω–æ–µ –∏—Å–ø—ã—Ç–∞–Ω–∏–µ –ø–æ –æ–±—â–µ–π —Ñ–∏–∑–ø–æ–¥–≥–æ—Ç–æ–≤–∫–µ."
"–ê —á—Ç–æ —Å –º–∞—Ç–µ–º–∞—Ç–∏–∫–æ–π, –∫–∞–∫–∞—è –Ω—É–∂–Ω–∞?","–ü—Ä–∏ –ø–æ—Å—Ç—É–ø–ª–µ–Ω–∏–∏ –Ω–∞ –¥–∞–Ω–Ω—ã–µ –Ω–∞–ø—Ä–∞–≤–ª–µ–Ω–∏—è –º–∞—Ç–µ–º–∞—Ç–∏–∫–∞ –Ω–µ –±—É–¥–µ—Ç —É—á–∏—Ç—ã–≤–∞—Ç—å—Å—è, –ø–æ—ç—Ç–æ–º—É –æ–Ω–∞ –º–æ–∂–µ—Ç –±—ã—Ç—å –ª—é–±–æ–≥–æ —É—Ä–æ–≤–Ω—è"
"–ë—é–¥–∂–µ—Ç–Ω—ã–µ –º–µ—Å—Ç–∞ –µ—Å—Ç—å?","–î–∞, –Ω–∞ –Ω–∞–ø—Ä–∞–≤–ª–µ–Ω–∏–∏ –ø–æ–¥–≥–æ—Ç–æ–≤–∫–∏ '–ü–µ–¥–∞–≥–æ–≥–∏—á–µ—Å–∫–æ–µ –æ–±—Ä–∞–∑–æ–≤–∞–Ω–∏–µ. –ë–µ–∑–æ–ø–∞—Å–Ω–æ—Å—Ç—å –∂–∏–∑–Ω–µ–¥–µ—è—Ç–µ–ª—å–Ω–æ—Å—Ç–∏, —Ñ–∏–∑–∏—á–µ—Å–∫–∞—è –∫—É–ª—å—Ç—É—Ä–∞' - 20 –±—é–¥–∂–µ—Ç–Ω—ã—Ö –º–µ—Å—Ç,  –Ω–∞ –Ω–∞–ø—Ä–∞–≤–ª–µ–Ω–∏–∏ '–§–∏–∑–∏—á–µ—Å–∫–∞—è –∫—É–ª—å—Ç—É—Ä–∞ –¥–ª—è –ª–∏—Ü —Å –æ—Ç–∫–ª–æ–Ω–µ–Ω–∏—è–º–∏ –≤ —Å–æ—Å—Ç–æ—è–Ω–∏–∏ –∑–¥–æ—Ä–æ–≤—å—è (–∞–¥–∞–ø—Ç–∏–≤–Ω–∞—è —Ñ–∏–∑–∏—á–µ—Å–∫–∞—è –∫—É–ª—å—Ç—É—Ä–∞)' - 22 –º–µ—Å—Ç–∞"
"–ö–∞–∫–æ–π –∫–æ–Ω–∫—É—Ä—Å?, –ö–∞–∫–æ–π –ø—Ä–æ—Ö–æ–¥–Ω–æ–π –±–∞–ª–ª?","–ü—Ä–æ—Ö–æ–¥–Ω–æ–π –±–∞–ª–ª —Ñ–æ—Ä–º–∏—Ä—É–µ—Ç—Å—è –ø–æ –ø–æ—Å–ª–µ–¥–Ω–µ–º—É –∑–∞—á–∏—Å–ª–µ–Ω–Ω–æ–º—É –Ω–∞ –±—é–¥–∂–µ—Ç–Ω–æ–µ –º–µ—Å—Ç–æ, —Å–ª–µ–¥–æ–≤–∞—Ç–µ–ª—å–Ω–æ, –∑–∞—Ä–∞–Ω–µ–µ –º—ã –µ–≥–æ –Ω–µ –∑–Ω–∞–µ–º. –ò—Ç–æ–≥–∏ –ø—Ä–∏–µ–º–∞ 2019 –≥–æ–¥–∞ –º–æ–∂–Ω–æ –ø–æ—Å–º–æ—Ç—Ä–µ—Ç—å –∑–¥–µ—Å—å https://www.vyatsu.ru/uploads/file/1909/itogi2019do_4.pdf"
"–ø—Ä–æ—Ñ–µ—Å—Å–∏–æ–Ω–∞–ª—å–Ω–æ–µ –≤—Å—Ç—É–ø–∏—Ç–µ–ª—å–Ω–æ–µ –∏—Å–ø—ã—Ç–∞–Ω–∏–µ –ø–æ –æ–±—â–µ–π —Ñ–∏–∑–∏—á–µ—Å–∫–æ–π –ø–æ–¥–≥–æ—Ç–æ–≤–∫–µ,–∫–∞–∫–∏–µ –∏–º–µ–Ω–Ω–æ –∏—Å–ø—ã—Ç–∞–Ω–∏—è –∏ –Ω–æ—Ä–º–∞—Ç–∏–≤—ã ?","–ü—Ä–æ–≥—Ä–∞–º–º—É –≤—Å—Ç—É–ø–∏—Ç–µ–ª—å–Ω–æ–≥–æ –∏—Å–ø—ã—Ç–∞–Ω–∏—è –º–æ–∂–Ω–æ –ø–æ—Å–º–æ—Ç—Ä–µ—Ç—å –∑–¥–µ—Å—å https://www.vyatsu.ru/uploads/file/1910/ofp.pdf"
"–ö–∞–∫ –ø–æ—Å—Ç—É–ø–∞—Ç—å –≤ —ç—Ç–æ–º –≥–æ–¥—É –∏ –µ—Å—Ç—å –ª–∏ –∫–∞–∫–∏–µ-—Ç–æ –∏–∑–º–µ–Ω–µ–Ω–∏—è?","–î–æ–±—Ä—ã–π –¥–µ–Ω—å! –ü—Ä–∏–µ–º –¥–æ–∫—É–º–µ–Ω—Ç–æ–≤ –±—É–¥–µ—Ç –æ—Å—É—â–µ—Å—Ç–≤–ª—è—Ç—å—Å—è –≤ –¥–∏—Å—Ç–∞–Ω—Ü–∏–æ–Ω–Ω–æ–º —Ñ–æ—Ä–º–∞—Ç–µ https://www.vyatsu.ru/internet-gazeta/instruktsiya-po-primeneniyu-ili-kak-postupit-v-vya.html"
"–ó–¥—Ä–∞–≤—Å—Ç–≤—É–π—Ç–µ, —É –º–µ–Ω—è –≤–æ–ø—Ä–æ—Å –æ –ø–æ—Å—Ç—É–ø–ª–µ–Ω–∏–∏ –Ω–∞ —Ñ–∞–∫—É–ª—å—Ç–µ—Ç –ª–∏–Ω–≥–≤–∏—Å—Ç–∏–∫–∏. –ö–∞–∫–∏–µ –¥–≤–∞ –ø—Ä–µ–¥–º–µ—Ç–∞ –ï–ì–≠ –ø–æ –Ω–æ–≤—ã–º –ø—Ä–∞–≤–∏–ª–∞–º –Ω–µ–æ–±—Ö–æ–¥–∏–º–æ —Å–¥–∞–≤–∞—Ç—å? –†–∞–Ω–µ–µ –Ω—É–∂–Ω—ã –±—ã–ª–∏ –∏–Ω–æ—Å—Ç—Ä–∞–Ω–Ω—ã–π —è–∑—ã–∫, –æ–±—â–µ—Å—Ç–≤–æ–∑–Ω–∞–Ω–∏–µ –∏ —Ä—É—Å—Å–∫–∏–π —è–∑—ã–∫.","–î–æ–±—Ä—ã–π –¥–µ–Ω—å! –ù–∏–∫–∞–∫–∏—Ö –æ—Ñ–∏—Ü–∏–∞–ª—å–Ω—ã—Ö —Ä–∞—Å–ø–æ—Ä—è–∂–µ–Ω–∏–π –Ω–µ –ø–æ—Å—Ç—É–ø–∞–ª–æ, –ø–æ—ç—Ç–æ–º—É –≤—Å–µ –≤—Å—Ç—É–ø–∏—Ç–µ–ª—å–Ω—ã–µ –∏—Å–ø—ã—Ç–∞–Ω–∏—è –Ω–∞ –¥–∞–Ω–Ω—ã–π –º–æ–º–µ–Ω—Ç –æ—Å—Ç–∞—é—Ç—Å—è —Ç–µ –∂–µ https://www.vyatsu.ru/abiturientu/univers/dni-otkryityih-dverey-1/vstupitel-nyie-ispyitaniya-i-minimal-nyie-ballyi-p-3.html"
"–î–æ–±—Ä—ã–π –¥–µ–Ω—å,—Å–∫–∞–∂–∏—Ç–µ –ø–æ–∂–∞–ª—É–π—Å—Ç–∞,–∫–∞–∫ —Å–¥–∞–≤–∞—Ç—å –≤—Å—Ç—É–ø–∏—Ç–µ–ª—å–Ω—ã–µ –∏—Å–ø—ã—Ç–∞–Ω–∏—è –ø—Ä–∏ –ø–æ—Å—Ç—É–ø–ª–µ–Ω–∏–∏,–≤ —Å–≤—è–∑–∏ —Å —Ç–∞–∫–æ–π —Å–∏—Ç—É–∞—Ü–∏–µ–π? –î–∏—Å—Ç–∞–Ω—Ü–∏–æ–Ω–Ω–æ?","–î–æ–±—Ä—ã–π –¥–µ–Ω—å. –î–∞, –≤—Å–µ –≤—Å—Ç—É–ø–∏—Ç–µ–ª—å–Ω—ã–µ –∏—Å–ø—ã—Ç–∞–Ω–∏—è –±—É–¥—É—Ç –ª–∏–±–æ –ø—Ä–µ–¥–æ—Å—Ç–∞–≤–ª—è—Ç—å—Å—è –≤ –≤–∏–¥–µ —Ä–µ–∑—É–ª—å—Ç–∞—Ç–æ–≤ –ï–ì–≠, –ª–∏–±–æ —Å–¥–∞–≤–∞—Ç—å—Å—è –¥–∏—Å—Ç–∞–Ω—Ü–∏–æ–Ω–Ω–æ. –û–±–Ω–æ–≤–ª—ë–Ω–Ω—ã–µ –ø—Ä–æ–≥—Ä–∞–º–º—ã –≤—Å—Ç—É–ø–∏—Ç–µ–ª—å–Ω—ã—Ö –∏—Å–ø—ã—Ç–∞–Ω–∏–π –±—É–¥—É—Ç –æ–ø—É–±–ª–∏–∫–æ–≤–∞–Ω—ã –∑–¥–µ—Å—å https://www.vyatsu.ru/abiturientu/univers/dni-otkryityih-dverey-1/programmyi-vstupitel-nyih-ispyitaniy-provodimyih-v-5.html"
"–í –≤–∏–¥–µ —Ç–µ—Å—Ç–∞ –∏–ª–∏ –æ—Ç–≤–µ—Ç–æ–≤ –ø–æ –≤–∏–¥–µ–æ—Å–≤—è–∑–∏ –±—É–¥—É—Ç –ø—Ä–æ–≤–æ–¥–∏—Ç—å—Å—è –≤—Å—Ç—É–ø–∏—Ç–µ–ª—å–Ω—ã–µ –∏—Å–ø—ã—Ç–∞–Ω–∏—è?","–ö–∞–∫ —Ç–æ–ª—å–∫–æ –ø—Ä–æ–≥—Ä–∞–º–º—ã –Ω–∞ —Å–∞–π—Ç–µ –æ–±–Ω–æ–≤—è—Ç—Å—è, –í—ã –æ–±—è–∑–∞—Ç–µ–ª—å–Ω–æ –æ–± —ç—Ç–æ–º —É–∑–Ω–∞–µ—Ç–µ."
"–∑–¥—Ä–∞–≤—Å—Ç–≤—É–π—Ç–µ, –º–æ–∂–Ω–æ –ª–∏ —É–∑–Ω–∞—Ç—å —Ä–µ–∑—É–ª—å—Ç–∞—Ç—ã?","–î–æ–±—Ä—ã–π –¥–µ–Ω—å! –ö–æ–Ω–µ—á–Ω–æ –º–æ–∂–Ω–æ —É –æ—Ä–≥–∞–Ω–∏–∑–∞—Ç–æ—Ä–æ–≤ https://www.vyatsu.ru/abiturientu/univers/dni-otkryityih-dverey-1/predmetnyie-olimpiadyi-nauchnyie-i-tvorcheskie-kon-4"
"–ö–æ–ª–ª–µ–≥–∏, –¥–æ–±—Ä—ã–π –≤–µ—á–µ—Ä!  –†–∞–∑–º–µ—Å—Ç–∏—Ç–µ, –ø–æ–∂–∞–ª—É–π—Å—Ç–∞, —Ä–æ–ª–∏–∫! –ù–∏—á—ë—Ç–∞–∫–æ–π, –∑–∞–¥–æ—Ä–Ω—ã–πüòâ  –°—Å—ã–ª–∫–∞ –Ω–∞ –∑–∞–≥—Ä—É–∑–∫—É –æ—Ä–∏–≥–∏–Ω–∞–ª–∞ –≤–∏–¥–µ–æ: https://vk.com/away.php?to=https%3A%2F%2Fvyatsu-my.sharepoint.com%2F%3Av%3A%2Fg%2Fpersonal%2Fusr11974_vyatsu_ru%2FESggjG0UrD5LqtQWT1TQ4cYB45sT06jDPdb1fgmhzTcwYg%3Fe%3DFhnRWc&cc_key=","–î–æ–±—Ä–æ–µ —É—Ç—Ä–æ! –°–¥–µ–ª–∞–Ω–æ. –†–æ–ª–∏–∫ –∏ –ø—Ä–∞–≤–¥–∞ –Ω–∏—á—ë—Ç–∞–∫–æ–π)"
"–î–æ–±—Ä—ã–π –¥–µ–Ω—å!, –±–∞–ª–ª—ã –∑–∞—á—Ç—É—Ç—Å—è –ø—Ä–∏ –Ω–∞–ø–∏—Å–∞–Ω–∏–∏ –≤—Å—Ç—É–ø–∏—Ç–µ–ª—å–Ω—ã—Ö –∏—Å–ø—ã—Ç–∞–Ω–∏–π?","–î–æ–±—Ä—ã–π –¥–µ–Ω—å! –î–∞, –∫–æ–Ω–µ—á–Ω–æ. –û–Ω–∏ –±—É–¥—É—Ç –¥–æ–±–∞–≤–ª–µ–Ω—ã –∫ —Ç–µ–º –±–∞–ª–ª–∞–º, –∫–æ—Ç–æ—Ä—ã–µ –í—ã –Ω–∞–±–µ—Ä–µ—Ç–µ."
"–î–æ–±—Ä—ã–π –≤–µ—á–µ—Ä! –ß—Ç–æ –ø–∏—Å–∞—Ç—å –≤ –≥—Ä–∞—Ñ–µ –Ω–∞—É—á–Ω—ã–π —Ä—É–∫–æ–≤–æ–¥–∏—Ç–µ–ª—å, –µ—Å–ª–∏ —Ç–∞–∫–æ–≤–æ–≥–æ –Ω–µ—Ç ?","–î–æ–±—Ä—ã–π –≤–µ—á–µ—Ä! –ï—Å–ª–∏ –í—ã –≥–æ–≤–æ—Ä–∏—Ç–µ –æ–± –æ–ª–∏–º–ø–∏–∞–¥–µ –í—è—Ç–ì–£, —Ç–æ –Ω–∏—á–µ–≥–æ. –ê –ª—É—á—à–µ –ø–æ –≤–æ–ø—Ä–æ—Å–∞–º –æ—Ñ–æ—Ä–º–ª–µ–Ω–∏—è –æ–±—Ä–∞—Ç–∏—Ç—å—Å—è –∫ –æ—Ä–≥–∞–Ω–∏–∑–∞—Ç–æ—Ä–∞–º https://www.vyatsu.ru/abiturientu/univers/dni-otkryityih-dverey-1/predmetnyie-olimpiadyi-nauchnyie-i-tvorcheskie-kon-4"
"–î–æ–±—Ä—ã–π –¥–µ–Ω—å, –Ω–µ –º–æ–≥–ª–∏ –±—ã –≤—ã –ø–æ–∫–∞–∑–∞—Ç—å –ø—Ä–∏–º–µ—Ä–Ω—ã–µ —Ç–µ—Å—Ç—ã –≤—Å—Ç—É–ø–∏—Ç–µ–ª—å–Ω—ã—Ö –∏—Å–ø—ã—Ç–∞–Ω–∏–π –ø–æ –º–∞—Ç–µ–º–∞—Ç–∏–∫–µ, —Ä—É—Å—Å–∫–æ–º—É —è–∑—ã–∫—É –∏ –æ–±—â–µ—Å—Ç–≤–æ–∑–Ω–∞–Ω–∏—é (–Ω–µ –ï–ì–≠, —è –ø–æ—Å–ª–µ –°–ü–û)? –ò–Ω—Ç–µ—Ä–µ—Å—É—é—Ç –Ω–∞–ø—Ä–∞–≤–ª–µ–Ω–∏—è: —Ö—É–¥–æ–∂–µ—Å—Ç–≤–µ–Ω–Ω–æ–π –æ–±—Ä–∞–±–æ—Ç–∫–∏ –º–∞—Ç–µ—Ä–∏–∞–ª–æ–≤ –∏ –ø–µ–¥. –æ–±—Ä–∞–∑–æ–≤–∞–Ω–∏–µ (—Ç–µ—Ö–Ω–æ–ª–æ–≥–∏—è –∏ –∏–∑–æ). –°–∞–º–∞ –Ω–∞ –≤–∞—à–µ–º —Å–∞–π—Ç–µ –Ω–µ –º–æ–≥—É –Ω–∞–π—Ç–∏.","–î–æ–±—Ä—ã–π –¥–µ–Ω—å! –ü—Ä–∏–º–µ—Ä–Ω—ã–µ –≤–∞—Ä–∏–∞–Ω—Ç—ã –≤—Å—Ç—É–ø–∏—Ç–µ–ª—å–Ω—ã—Ö –∏—Å–ø—ã—Ç–∞–Ω–∏–π –±—É–¥—É—Ç –æ–ø—É–±–ª–∏–∫–æ–≤–∞–Ω—ã –Ω–∞ –æ—Ñ–∏—Ü–∏–∞–ª—å–Ω–æ–º —Å–∞–π—Ç–µ –í—è—Ç–ì–£ –ø–æ—Å–ª–µ –Ω–æ–≤–æ–≥–æ –≥–æ–¥–∞. –ù–∞ –¥–∞–Ω–Ω—ã–π –º–æ–º–µ–Ω—Ç –º–æ–∂–Ω–æ –≥–æ—Ç–æ–≤–∏—Ç—å—Å—è –ø–æ –≤–∞—Ä–∏–∞–Ω—Ç–∞–º –ï–ì–≠."
"–•–æ—Ä–æ—à–æ, —Å–ø–∞—Å–∏–±–æ!, –î–æ–±—Ä—ã–π –¥–µ–Ω—å, –∞ –º–æ–∂–Ω–æ —É–∑–Ω–∞—Ç—å –≤ –∫–∞–∫–æ–º —Ñ–æ—Ä–º–∞—Ç–µ –≤ —Å–ª–æ–∂–∏–≤—à–µ–π—Å—è —Å–∏—Ç—É–∞—Ü–∏–∏ –±—É–¥–µ—Ç –ø—Ä–æ—Ö–æ–¥–∏—Ç—å —Ç–≤–æ—Ä—á–µ—Å–∫–æ–µ –∏—Å–ø—ã—Ç–∞–Ω–∏–µ? –ò –ø–æ—è–≤—è—Ç—Å—è –ª–∏ –Ω–∞ —Å–∞–π—Ç–µ –ø—Ä–∏–º–µ—Ä–Ω—ã–µ —Ç–µ—Å—Ç—ã '–≤—É–∑–æ–≤—Å–∫–∏—Ö' –≤—Å—Ç—É–ø–∏—Ç–µ–ª—å–Ω—ã—Ö –∏—Å–ø—ã—Ç–∞–Ω–∏–π –ø–æ –º–∞—Ç–µ–º–∞—Ç–∏–∫–µ –∏ —Ä—É—Å—Å–∫–æ–º—É —è–∑—ã–∫—É?","–î–æ–±—Ä—ã–π –¥–µ–Ω—å! –ò –ø—Ä–∏—ë–º –¥–æ–∫—É–º–µ–Ω—Ç–æ–≤, –∏ –≤—Å—Ç—É–ø–∏—Ç–µ–ª—å–Ω—ã–µ –∏—Å–ø—ã—Ç–∞–Ω–∏—è –±—É–¥—É—Ç –ø—Ä–æ—Ö–æ–¥–∏—Ç—å –¥–∏—Å—Ç–∞–Ω—Ü–∏–æ–Ω–Ω–æ. –ü—Ä–æ–≥—Ä–∞–º–º—ã –≤—Å—Ç—É–ø–∏—Ç–µ–ª—å–Ω—ã—Ö –∏—Å–ø—ã—Ç–∞–Ω–∏–π –±—É–¥—É—Ç –æ–ø—É–±–ª–∏–∫–æ–≤–∞–Ω—ã –Ω–∞ –æ—Ñ–∏—Ü–∏–∞–ª—å–Ω–æ–º —Å–∞–π—Ç–µ –í—è—Ç–ì–£ –∫ –ø–æ–Ω–µ–¥–µ–ª—å–Ω–∏–∫—É."
"–î–î! –ó–∞–¥–∞–ª–∞ –≤–æ–ø—Ä–æ—Å –Ω–∞ —Å—Ç–µ–Ω–µ –≥—Ä—É–ø–ø—ã –í–ö","–î–æ–±—Ä—ã–π –¥–µ–Ω—å! —É—Ç–æ—á–Ω–∏—Ç–µ, –∫–∞–∫–∏–µ –ø—Ä–∞–≤–∏–ª–∞? –æ–ø–∏—Å–∞–Ω–∏–µ —ç–∫–∑–∞–º–µ–Ω–æ–≤?"
"–ó–¥—Ä–∞–≤—Å—Ç–≤—É–π—Ç–µ, –ø–æ–¥—Å–∫–∞–∂–∏—Ç–µ,–ø–æ–∂–∞–ª—É–π—Å—Ç–∞, —Å–∫–æ–ª—å–∫–æ –º–µ—Å—Ç –Ω–∞ –ø–ª–∞—Ç–Ω–æ–µ –æ–±—É—á–µ–Ω–∏–µ –≤ –í—è—Ç–ì–£ –Ω–∞ —Ñ–∏–∑–∫—É–ª—å—Ç—É—Ä—É. –ò —Å—Ç–æ–∏–º–æ—Å—Ç—å –æ–±—É—á–µ–Ω–∏—è –∏ –ø–æ—Ä—è–¥–æ–∫ –æ–ø–ª–∞—Ç—ã. –°–ø–∞—Å–∏–±–æ.","–î–æ–±—Ä—ã–π –¥–µ–Ω—å! –£—Ç–æ—á–Ω–∏—Ç–µ, –ø–æ–∂–∞–ª—É–π—Å—Ç–∞, –æ—á–Ω–∞—è –∏–ª–∏ –∑–∞–æ—á–Ω–∞—è —Ñ–æ—Ä–º–∞ –æ–±—É—á–µ–Ω–∏—è –í–∞—Å –∏–Ω—Ç–µ—Ä–µ—Å—É–µ—Ç –∏ –∫–∞–∫–æ–µ –∫–æ–Ω–∫—Ä–µ—Ç–Ω–æ –Ω–∞–ø—Ä–∞–≤–ª–µ–Ω–∏–µ –ø–æ–¥–≥–æ—Ç–æ–≤–∫–∏: '–ü–µ–¥–∞–≥–æ–≥–∏—á–µ—Å–∫–æ–µ –æ–±—Ä–∞–∑–æ–≤–∞–Ω–∏–µ. –ë–µ–∑–æ–ø–∞—Å–Ω–æ—Å—Ç—å –∂–∏–∑–Ω–µ–¥–µ—è—Ç–µ–ª—å–Ω–æ—Å—Ç–∏, —Ñ–∏–∑–∏—á–µ—Å–∫–∞—è –∫—É–ª—å—Ç—É—Ä–∞' –∏–ª–∏ '–§–∏–∑–∏—á–µ—Å–∫–∞—è –∫—É–ª—å—Ç—É—Ä–∞ –¥–ª—è –ª–∏—Ü —Å –æ—Ç–∫–ª–æ–Ω–µ–Ω–∏—è–º–∏ –≤ —Å–æ—Å—Ç–æ—è–Ω–∏–∏ –∑–¥–æ—Ä–æ–≤—å—è'?"
"–ó–¥—Ä–∞–≤—Å—Ç–≤—É–π—Ç–µ, –ø–æ–∑–≤–æ–Ω–∏–ª–∞ —Ç–æ–ª—å–∫–æ —á—Ç–æ –Ω–∞ —Ñ–∞–∫—É–ª—å—Ç–µ—Ç, –≤—Å–µ –æ—á–µ–Ω—å —Ö–æ—Ä–æ—à–æ —Ä–∞—Å—Å–∫–∞–∑–∞–ª–∏.üòä","–ó–∞–º–µ—á–∞—Ç–µ–ª—å–Ω–æ)"
"–ó–¥—Ä–∞–≤—Å—Ç–≤—É–π—Ç–µ, –ø—Ä–∏ –ø–æ—Å—Ç—É–ø–ª–µ–Ω–∏–∏ –Ω–∞ —Ñ–∏–∑–∫—É–ª—å—Ç—É—Ä—É –ø–ª–∞—Ç–Ω–æ –Ω–∞ –∑–∞–æ—á–∫—É –Ω—É–∂–µ–Ω –ª–∏ –µ–≥—ç?, –°–µ–π—á–∞—Å —Ä–∞–∑—Ä–µ—à–∏–ª–∏ –Ω–µ —Å–¥–∞–≤–∞—Ç—å, –µ—Å–ª–∏ –≤ –≤—É–∑–∞—Ö –Ω–µ —Ç—Ä–µ–±—É–µ—Ç—Å—è, –ò–ª–∏ –¥–∞–π—Ç–µ —Ç–µ–ª –ø—Ä–∏—ë–º–Ω–æ–π –∫–æ–º–∏—Å—Å–∏–∏ –ø–æ–∂–∞–ª—É–π—Å—Ç–∞ üòÑ","–î–æ–±—Ä—ã–π –¥–µ–Ω—å! –î–∞, –≤—ã–ø—É—Å–∫–Ω–∏–∫–∞–º —à–∫–æ–ª –¥–ª—è –ø–æ—Å—Ç—É–ø–ª–µ–Ω–∏—è –≤ –≤—É–∑ –Ω—É–∂–Ω—ã —Ä–µ–∑—É–ª—å—Ç–∞—Ç—ã –ï–ì–≠.  –¢–µ—Å—Ç–∏—Ä–æ–≤–∞–Ω–∏–µ –ø–æ –æ–±—â–µ–æ–±—Ä–∞–∑–æ–≤–∞—Ç–µ–ª—å–Ω—ã–º –ø—Ä–µ–¥–º–µ—Ç–∞–º –≤ –≤—É–∑–µ –º–æ–≥—É—Ç —Å–¥–∞–≤–∞—Ç—å —Ç–æ–ª—å–∫–æ –ª–∏—Ü–∞ —Å –ø—Ä–æ—Ñ–µ—Å—Å–∏–æ–Ω–∞–ª—å–Ω—ã–º –æ–±—Ä–∞–∑–æ–≤–∞–Ω–∏–µ–º (–æ–∫–æ–Ω—á–∏–≤—à–∏–µ –∫–æ–ª–ª–µ–¥–∂ –∏–ª–∏ —Ç–µ—Ö–Ω–∏–∫—É–º –∏–ª–∏ –≤—É–∑), –ª–∏—Ü–∞ —Å –∏–Ω–≤–∞–ª–∏–¥–Ω–æ—Å—Ç—å—é, –∏–Ω–æ—Å—Ç—Ä–∞–Ω–Ω—ã–µ –≥—Ä–∞–∂–¥–∞–Ω–µ. –¢–µ–ª–µ—Ñ–æ–Ω –ø—Ä–∏—ë–º–Ω–æ–π –∫–æ–º–∏—Å—Å–∏–∏: 8(8332)64-89-89 –∏–ª–∏ 74-29-29"
"–¥–æ–±—Ä—ã–π –≤–µ—á–µ—Ä, —è —Ö–æ—Ç–µ–ª–∞ –±—ã —Å–ø—Ä–æ—Å–∏—Ç—å –Ω–∞—Å—á–µ—Ç —Ñ–∞–∫—É–ª—å—Ç–µ—Ç–∞ –∞–¥–∞–ø—Ç–∏–≤–Ω–æ–π —Ñ–∏–∑–∏—á–µ—Å–∫–æ–π –∫—É–ª—å—Ç—É—Ä—ã –∫–∞–∫–∏–µ –ø—Ä–æ—Ö–æ–¥–Ω—ã–µ –±–∞–ª–ª—ã, –∏ –∫–∞–∫ –±—É–¥—É—Ç –ø—Ä–æ—Ö–æ–¥–∏—Ç—å –≤—Å—Ç—É–ø–∏—Ç–µ–ª—å–Ω—ã–µ –∏—Å–ø—ã—Ç–∞–Ω–∏—è?","–î–æ–±—Ä—ã–π –≤–µ—á–µ—Ä! –ü—Ä–æ—Ö–æ–¥–Ω—ã–µ –±–∞–ª–ª—ã –Ω–µ –º–æ–≥—É—Ç –±—ã—Ç—å –∏–∑–≤–µ—Å—Ç–Ω—ã –∑–∞—Ä–∞–Ω–µ–µ - –æ–Ω–∏ –∑–∞–≤–∏—Å—è—Ç –∏—Å–∫–ª—é—á–∏—Ç–µ–ª—å–Ω–æ –æ—Ç –∫–æ–Ω–∫—É—Ä—Å–Ω–æ–π —Å–∏—Ç—É–∞—Ü–∏–∏ –≤–æ –≤—Ä–µ–º—è –ø—Ä–∏—ë–º–∞. –í—Å—Ç—É–ø–∏—Ç–µ–ª—å–Ω—ã–µ –∏—Å–ø—ã—Ç–∞–Ω–∏—è –±—É–¥—É—Ç –ø—Ä–æ—Ö–æ–¥–∏—Ç—å –¥–∏—Å—Ç–∞–Ω—Ü–∏–æ–Ω–Ω–æ - —Å–∫–æ—Ä–æ –±—É–¥—É—Ç –æ–ø—É–±–ª–∏–∫–æ–≤–∞–Ω—ã –æ–±–Ω–æ–≤–ª—ë–Ω–Ω—ã–µ –ø—Ä–æ–≥—Ä–∞–º–º—ã –≤—Å—Ç—É–ø–∏—Ç–µ–ª—å–Ω—ã—Ö –∏—Å–ø—ã—Ç–∞–Ω–∏–π, –≤ –∫–æ—Ç–æ—Ä—ã—Ö –≤—Å—ë –±—É–¥–µ—Ç –ø–æ–¥—Ä–æ–±–Ω–æ –æ–ø–∏—Å–∞–Ω–æ."
"–ó–¥—Ä–∞–≤—Å—Ç–≤—É–π—Ç–µ, —Ö–æ—Ç–µ–ª–∞ —É–∑–Ω–∞—Ç—å –æ –ø–æ—Å—Ç—É–ø–ª–µ–Ω–∏–∏. –í —ç—Ç–æ–º –≥–æ–¥—É —è –∑–∞–∫–∞–Ω—á–∏–≤–∞—é —Ç–µ—Ö–Ω–∏–∫—É–º, –ø–æ–ª—É—á—É –¥–∏–ø–ª–æ–º. –ò –≤–æ–∑–Ω–∏–∫–∞–µ—Ç –≤–æ–ø—Ä–æ—Å  –Ω—É–∂–Ω–æ –±—É–¥–µ—Ç —Å–¥–∞–≤–∞—Ç—å –≤—Å—Ç—É–ø–∏—Ç–µ–ª—å–Ω—ã–µ —ç–∫–∑–∞–º–µ–Ω—ã –∏–ª–∏ –∫–∞–∫ –º–Ω–µ –ø–æ—Å—Ç—É–ø–∏—Ç—å ?","–î–æ–±—Ä—ã–π –¥–µ–Ω—å! –î–∞, –ø–æ—Å–ª–µ –æ–∫–æ–Ω—á–∞–Ω–∏—è —Ç–µ—Ö–Ω–∏–∫—É–º–∞ –í—ã –∏–º–µ–µ—Ç–µ –ø—Ä–∞–≤–æ –ø–æ—Å—Ç—É–ø–∞—Ç—å –∏–ª–∏ –ø–æ –≤—É–∑–æ–≤—Å–∫–æ–º—É –ø–∏—Å—å–º–µ–Ω–Ω–æ–º—É —Ç–µ—Å—Ç–∏—Ä–æ–≤–∞–Ω–∏—é, –∏–ª–∏ –ø–æ –ï–ì–≠ - –Ω–∞ –í–∞—à –≤—ã–±–æ—Ä"
"–ê –∫–æ–≥–¥–∞ –±—É–¥—É—Ç —Ç–µ—Å—Ç–∏—Ä–æ–≤–∞–Ω–∏—è  –∏ –∫—É–¥–∞ –æ–±—Ä–∞—â–∞—Ç—å—Å—è —Å —ç—Ç–∏–º?","–†–∞—Å–ø–∏—Å–∞–Ω–∏–µ –≤—Å—Ç—É–ø–∏—Ç–µ–ª—å–Ω—ã—Ö –∏—Å–ø—ã—Ç–∞–Ω–∏–π –±—É–¥–µ—Ç –æ–ø—É–±–ª–∏–∫–æ–≤–∞–Ω–æ –Ω–∞ —Å–∞–π—Ç–µ –æ—Ä–∏–µ–Ω—Ç–∏—Ä–æ–≤–æ—á–Ω–æ –∫ 1 –∏—é–Ω—è. –ù–æ –≤ –ª—é–±–æ–º —Å–ª—É—á–∞–µ —Å–Ω–∞—á–∞–ª–∞ –í—ã –ø–æ–¥–∞—ë—Ç–µ –∑–∞—è–≤–ª–µ–Ω–∏–µ –∏ –¥–æ–∫—É–º–µ–Ω—Ç—ã (–ø—Ä–∏—ë–º –æ—Ç–∫—Ä–æ–µ—Ç—Å—è —Å 20 –∏—é–Ω—è), –∞ –ø–æ—Ç–æ–º —Å–¥–∞—ë—Ç–µ —Ç–µ—Å—Ç—ã."
"–ó–¥—Ä–∞–≤—Å—Ç–≤—É–π—Ç–µ, —Å–∫–∞–∂–∏—Ç–µ –ø–æ–∂–∞–ª—É–π—Å—Ç–∞ —è –ø–æ—Å–ª–µ —Ç–µ—Ö–Ω–∏–∫—É–º–∞ —Ö–æ—á—É –ø–æ—Å—Ç—É–ø–∞—Ç—å –∫ –≤–∞–º –Ω–∞ —Ñ–∞–∫—É–ª—å—Ç–µ—Ç –º–∞—à–∏–Ω–æ—Å—Ç—Ä–æ–µ–Ω–∏—è, –∫–∞–∫–∏–µ  –ø—Ä–µ–¥–º–µ—Ç—ã –º–Ω–µ –Ω—É–∂–Ω–æ –≤—ã–±—Ä–∞—Ç—å –Ω–∞ –ø–æ–¥–≥–æ—Ç–æ–≤–∏—Ç–µ–ª—å–Ω—ã—Ö –∫—É—Ä—Å–∞—Ö,—á—Ç–æ –±—ã –ø–æ—Ç–æ–º –∑–¥–∞—Ç—å  –≤—Å—Ç—É–ø–∏—Ç–µ–ª—å–Ω—ã–µ –∏—Å–ø—ã—Ç–∞–Ω–∏—è","–î–æ–±—Ä—ã–π –¥–µ–Ω—å! –î–ª—è –ø–æ—Å—Ç—É–ø–ª–µ–Ω–∏—è –Ω–∞ –Ω–∞–ø—Ä–∞–≤–ª–µ–Ω–∏–µ '–ú–∞—à–∏–Ω–æ—Å—Ç—Ä–æ–µ–Ω–∏–µ' –Ω–µ–æ–±—Ö–æ–¥–∏–º–æ —Å–¥–∞–≤–∞—Ç—å —Ç–µ—Å—Ç—ã –ø–æ –º–∞—Ç–µ–º–∞—Ç–∏–∫–µ, —Ñ–∏–∑–∏–∫–µ –∏ —Ä—É—Å—Å–∫–æ–º—É —è–∑—ã–∫—É."
"–°–ø–∞—Å–∏–±–æ. –ê –∫–∞–∫ –º–æ–∂–Ω–æ –∑–∞–ø–∏—Å–∞—Ç—å—Å—è –Ω–∞ –ø–æ–¥–≥–æ—Ç–æ–≤–∏—Ç–µ–ª—å–Ω—ã–µ –∫—É—Ä—Å—ã?","–û–±—Ä–∞—Ç–∏—Ç—å—Å—è –≤ –≥—Ä—É–ø–ø—É https://vk.com/ct_243"
"–î–æ–±—Ä—ã–π –¥–µ–Ω—å! –†–∞—Å—Å–∫–∞–∂–∏—Ç–µ, –ø–æ–∂–∞–ª—É–π—Å—Ç–∞, –∫–∞–∫ –≤ —ç—Ç–æ–º –≥–æ–¥—É –±—É–¥–µ—Ç –ø—Ä–æ—Ö–æ–¥–∏—Ç—å —Ç–≤–æ—Ä—á–µ—Å–∫–æ–µ –∏—Å–ø—ã—Ç–∞–Ω–∏–µ? –ò –±—É–¥–µ—Ç –ª–∏ –¥–µ–Ω—å –æ—Ç–∫—Ä—ã—Ç—ã—Ö –¥–≤–µ—Ä–µ–π? –ï—Å–ª–∏ –Ω–µ—Ç, —Ç–æ –∫–∞–∫ –º–æ–∂–Ω–æ –±–æ–ª—å—à–µ —É–∑–Ω–∞—Ç—å –æ —Å–ø–µ—Ü–∏–∞–ª—å–Ω–æ—Å—Ç–∏ (–∫—Ä–æ–º–µ —Å–∞–π—Ç–∞)?","–î–æ–±—Ä—ã–π –¥–µ–Ω—å! –í –Ω–∞—Å—Ç–æ—è—â–µ–µ –≤—Ä–µ–º—è –ø—Ä–æ—Ö–æ–¥–∏—Ç –∏–∑–º–µ–Ω–µ–Ω–∏–µ –ø—Ä–æ–≥—Ä–∞–º–º –≤—Å—Ç—É–ø–∏—Ç–µ–ª—å–Ω—ã—Ö –∏—Å–ø—ã—Ç–∞–Ω–∏–π –ø–æ–¥ –¥–∏—Å—Ç–∞–Ω—Ü–∏–æ–Ω–Ω—ã–π —Ñ–æ—Ä–º–∞—Ç. –°–∫–æ—Ä–æ –æ–Ω–∏ –±—É–¥—É—Ç –æ–ø—É–±–ª–∏–∫–æ–≤–∞–Ω—ã –Ω–∞ —Å–∞–π—Ç–µ –∏ –∏–Ω—Ñ–æ—Ä–º–∞—Ü–∏—è –ø–æ—è–≤–∏—Ç—Å—è –≤ –Ω–∞—à–µ–π –≥—Ä—É–ø–ø–µ.  16 –º–∞—è –ø—Ä–æ–π–¥—ë—Ç –¥–µ–Ω—å –æ—Ç–∫—Ä—ã—Ç—ã—Ö –¥–≤–µ—Ä–µ–π –ò–ì–°–ù https://vk.com/vyat_gum?w=wall-179029664_152 –î–Ω–∏ –æ—Ç–∫—Ä—ã—Ç—ã—Ö –¥–≤–µ—Ä–µ–π –ø–æ –¥—Ä—É–≥–∏–º –∏–Ω—Å—Ç–∏—Ç—É—Ç–∞–º –í—è—Ç–ì–£ –ø–ª–∞–Ω–∏—Ä—É—é—Ç—Å—è –≤–æ –≤—Ç–æ—Ä–æ–π –ø–æ–ª–æ–≤–∏–Ω–µ –º–∞—è - —Å–ª–µ–¥–∏—Ç–µ –∑–∞ –Ω–æ–≤–æ—Å—Ç—è–º–∏ –≤ –≥—Ä—É–ø–ø–µ."
"–ü—Ä–∏–≤–µ—Ç,—Å –∫–∞–∫–∏–º –±–∞–ª–ª–æ–º –µ—Å—Ç—å –≥–∞—Ä–∞–Ω—Ç–∏—è –∫–æ–π–∫–æ-–º–µ—Å—Ç–∞ –ø—Ä–∏ –Ω–∞–ª–∏—á–∏–∏ —Å–≤–æ–±–æ–¥–Ω—ã—Ö –≤ –æ–±—â–µ–∂–∏—Ç–∏–∏?, –ü–ª–∞–Ω–∏—Ä—É–µ—Ç—Å—è –ª–∏ —Å–Ω–∏–∂–µ–Ω–∏–µ –ø—Ä–æ—Ö–æ–¥–Ω—ã—Ö –±–∞–ª–ª–æ–≤?","–î–æ–±—Ä—ã–π –¥–µ–Ω—å!  –ú—ã –Ω–µ –º–æ–∂–µ–º –∑–∞—Ä–∞–Ω–µ–µ –ø–ª–∞–Ω–∏—Ä–æ–≤–∞—Ç—å —Å–Ω–∏–∂–µ–Ω–∏–µ –ø—Ä–æ—Ö–æ–¥–Ω—ã—Ö –±–∞–ª–ª–æ–≤ - –æ–Ω–∏ –∑–∞–≤–∏—Å—è—Ç –∏—Å–∫–ª—é—á–∏—Ç–µ–ª—å–Ω–æ –æ—Ç –∫–æ–Ω–∫—É—Ä—Å–Ω–æ–π —Å–∏—Ç—É–∞—Ü–∏–∏ –≤–æ –≤—Ä–µ–º—è –ø—Ä–∏—ë–º–∞. –û–±—â–µ–∂–∏—Ç–∏–µ –≤ –ø–µ—Ä–≤—É—é –æ—á–µ—Ä–µ–¥—å –ø—Ä–µ–¥–æ—Å—Ç–∞–≤–ª—è–µ—Ç—Å—è –ø–æ—Å—Ç—É–ø–∏–≤—à–∏–º –Ω–∞ –±—é–¥–∂–µ—Ç–Ω—ã–µ –º–µ—Å—Ç–∞, –∑–∞—Ç–µ–º –ø–æ—Å—Ç—É–ø–∏–≤—à–∏–º –Ω–∞ –ø–ª–∞—Ç–Ω—ã–µ –º–µ—Å—Ç–∞. –í –ø—Ä–æ—à–ª–æ–º –≥–æ–¥—É —É–¥–∞–ª–æ—Å—å –∑–∞—Å–µ–ª–∏—Ç—å –≤—Å–µ—Ö –∂–µ–ª–∞—é—â–∏—Ö."
"–ó–¥—Ä–∞–≤—Å—Ç–≤—É–π—Ç–µ, –∏–∑–≤–∏–Ω–∏—Ç–µ –∑–∞ –≥–ª—É–ø—ã–π –≤–æ–ø—Ä–æ—Å, –Ω–æ –º–æ–∂–Ω–æ –ª–∏ –∏–º–µ—è –Ω–µ–æ–∫–æ–Ω—á–µ–Ω–Ω–æ–µ –≤—ã—Å—à–µ–µ –æ–±—Ä–∞–∑–æ–≤–∞–Ω–∏–µ ( –ö–∏—Ä–æ–≤—Å–∫–∏–π –≥–º—É, –≥–æ–¥ –æ–∫–æ–Ω—á–∞–Ω–∏—è 2021 ) , –ø–æ—Å—Ç—É–ø–∏—Ç—å —É –≤–∞—Å –≤ –º–∞–≥–∏—Å—Ç—Ä–∞—Ç—É—Ä—É (—ç–∫–æ–Ω–æ–º–∏–∫–∞/—é—Ä–∏—Å–ø—Ä—É–¥–µ–Ω—Ü–∏—è) –∏–ª–∏ –Ω—É–∂–Ω–æ –ø–æ—Å—Ç—É–ø–∞—Ç—å –Ω–∞ –±–∞–∫–∞–ª–∞–≤—Ä–∏–∞—Ç ?","–î–æ–±—Ä—ã–π –¥–µ–Ω—å!  –ü–æ—Å—Ç—É–ø–ª–µ–Ω–∏–µ –≤ –º–∞–≥–∏—Å—Ç—Ä–∞—Ç—É—Ä—É –≤–æ–∑–º–æ–∂–Ω–æ —Ç–æ–ª—å–∫–æ –ø–æ—Å–ª–µ –æ–∫–æ–Ω—á–µ–Ω–Ω–æ–≥–æ –≤—ã—Å—à–µ–≥–æ.  –ò–º–µ—è –Ω–µ–æ–∫–æ–Ω—á–µ–Ω–Ω–æ–µ –≤—ã—Å—à–µ–µ –æ–±—Ä–∞–∑–æ–≤–∞–Ω–∏–µ, –í—ã –º–æ–∂–µ—Ç–µ –ø–æ—Å—Ç—É–ø–∞—Ç—å –Ω–∞ –±–∞–∫–∞–ª–∞–≤—Ä–∏–∞—Ç –∏–ª–∏ —Å–ø–µ—Ü–∏–∞–ª–∏—Ç–µ—Ç –ø–æ –ï–ì–≠ (–µ—Å–ª–∏ –¥–æ —ç—Ç–æ–≥–æ –æ–∫–æ–Ω—á–∏–ª–∏ 11 –∫–ª–∞—Å—Å–æ–≤ –∏ –ï–ì–≠ –µ—â—ë –¥–µ–π—Å—Ç–≤–∏—Ç–µ–ª—å–Ω—ã), –ª–∏–±–æ –≤ –Ω–µ–∫–æ—Ç–æ—Ä—ã—Ö —Å–ª—É—á–∞—è—Ö –º–æ–∂–Ω–æ –ø–æ—Å—Ç—É–ø–∏—Ç—å –ø–æ –≤—É–∑–æ–≤—Å–∫–æ–º—É —Ç–µ—Å—Ç–∏—Ä–æ–≤–∞–Ω–∏—é (–Ω–∞–ø—Ä–∏–º–µ—Ä, –µ—Å–ª–∏ –æ–∫–æ–Ω—á–∏–ª–∏ –∫–æ–ª–ª–µ–¥–∂/—Ç–µ—Ö–Ω–∏–∫—É–º). –¢–∞–∫–∂–µ –í—ã –º–æ–∂–µ—Ç–µ —Ä–∞—Å—Å–º–æ—Ç—Ä–µ—Ç—å –≤–∞—Ä–∏–∞–Ω—Ç –ø–µ—Ä–µ–≤–æ–¥–∞ –≤ –Ω–∞—à –≤—É–∑ –∏–∑ –¥—Ä—É–≥–æ–≥–æ –≤—É–∑–∞.  –î–ª—è —É—Ç–æ—á–Ω–µ–Ω–∏—è –∏–Ω—Ñ–æ—Ä–º–∞—Ü–∏–∏ –ø–æ –ø–µ—Ä–µ–≤–æ–¥—É –Ω–µ–æ–±—Ö–æ–¥–∏–º–æ –æ–±—Ä–∞—Ç–∏—Ç—å—Å—è –≤ –¥–µ–∫–∞–Ω–∞—Ç –∏–Ω—Ç–µ—Ä–µ—Å—É—é—â–µ–≥–æ —Ñ–∞–∫—É–ª—å—Ç–µ—Ç–∞. –ö–æ–Ω—Ç–∞–∫—Ç—ã –º–æ–∂–Ω–æ –ø–æ—Å–º–æ—Ç—Ä–µ—Ç—å –∑–¥–µ—Å—å https://www.vyatsu.ru/contacts"
"–ë–æ–ª—å—à–æ–µ —Å–ø–∞—Å–∏–±–æ), –ê –µ—Å–ª–∏ —Ä–µ–∑—É–ª—å—Ç–∞—Ç—ã –µ–≥—ç –±–æ–ª—å—à–µ –Ω–µ –¥–µ–π—Å—Ç–≤—É—é—Ç, –∫–æ–ª–ª–µ–¥–∂/—Ç–µ—Ö–Ω–∏–∫—É–º –Ω–µ –∑–∞–∫–∞–Ω—á–∏–≤–∞–ª–∏ –≤–æ–∑–º–æ–∂–Ω–æ—Å—Ç–∏ —Å–¥–∞—Ç—å —Ç–µ—Å—Ç–∏—Ä–æ–≤–∞–Ω–∏–µ–º –Ω–µ—Ç?","–í –∫–∞–∫–æ–º –≥–æ–¥—É —É –í–∞—Å –±—ã–ª–∏ —Å–¥–∞–Ω—ã –ï–ì–≠? –ü—Ä–∏ –ø–æ—Å—Ç—É–ø–ª–µ–Ω–∏–∏ —Ç–µ—Å—Ç–∏—Ä–æ–≤–∞–Ω–∏–µ –≤ –≤—É–∑–µ –º–æ–≥—É—Ç —Å–¥–∞—Ç—å —Ç–æ–ª—å–∫–æ —Å–ª–µ–¥—É—é—â–∏–µ –∫–∞—Ç–µ–≥–æ—Ä–∏–∏: 1) –ª–∏—Ü–∞ —Å –ø—Ä–æ—Ñ–µ—Å—Å–∏–æ–Ω–∞–ª—å–Ω—ã–º –æ–±—Ä–∞–∑–æ–≤–∞–Ω–∏–µ–º (–∑–∞–∫–æ–Ω—á–µ–Ω —Ç–µ—Ö–Ω–∏–∫—É–º/–∫–æ–ª–ª–µ–¥–∂/–≤—É–∑) 2) –ª–∏—Ü–∞ —Å –∏–Ω–≤–∞–ª–∏–¥–Ω–æ—Å—Ç—å—é 3) –∏–Ω–æ—Å—Ç—Ä–∞–Ω–Ω—ã–µ –≥—Ä–∞–∂–¥–∞–Ω–µ –í –æ—Å—Ç–∞–ª—å–Ω—ã—Ö —Å–ª—É—á–∞—è—Ö - –Ω–µ–æ–±—Ö–æ–¥–∏–º—ã —Ä–µ–∑—É–ª—å—Ç–∞—Ç—ã –ï–ì–≠."
"–î–æ–±—Ä—ã–π –¥–µ–Ω—å. –ü–æ–¥—Å–∫–∞–∂–∏—Ç–µ, –ø–æ–∂–∞–ª—É–π—Å—Ç–∞, –±—É–¥–µ—Ç –ª–∏ –æ—Ä–≥–∞–Ω–∏–∑–æ–≤–∞–Ω –Ω–∞–±–æ—Ä –≤ —ç—Ç–æ–º –≥–æ–¥—É –Ω–∞ –Ω–∞–ø—Ä–∞–≤–ª–µ–Ω–∏–µ '–ü–µ—Ä–µ–≤–æ–¥ –∏ –ø–µ—Ä–µ–≤–æ–¥–æ–≤–µ–¥–µ–Ω–∏–µ (–∞–Ω–≥–ª–∏–π—Å–∫–∏–π —è–∑—ã–∫)'? –î–∞–Ω–Ω–æ–µ –Ω–∞–ø—Ä–∞–≤–ª–µ–Ω–∏–µ —è–≤–ª—è–µ—Ç—Å—è –±—é–¥–∂–µ—Ç–Ω—ã–º? –ö–∞–∫–æ–≤ –∫–æ–Ω–∫—É—Ä—Å –Ω–∞ —ç—Ç–æ—Ç —Ñ–∞–∫—É–ª—å—Ç–µ—Ç?","–î–æ–±—Ä—ã–π –¥–µ–Ω—å. –î–∞, –≤ —ç—Ç–æ–º –≥–æ–¥—É –±—É–¥–µ—Ç –Ω–∞–±–æ—Ä –Ω–∞ –Ω–∞–ø—Ä–∞–≤–ª–µ–Ω–∏–µ –ø–æ–¥–≥–æ—Ç–æ–≤–∫–∏ '–õ–∏–Ω–≥–≤–∏—Å—Ç–∏–∫–∞. –ü–µ—Ä–µ–≤–æ–¥ –∏ –ø–µ—Ä–µ–≤–æ–¥–æ–≤–µ–¥–µ–Ω–∏–µ' (–±–∞–∫–∞–ª–∞–≤—Ä–∏–∞—Ç, –æ—á–Ω–∞—è —Ñ–æ—Ä–º–∞): –ø—Ä–æ—Ñ–∏–ª—å '–ê–Ω–≥–ª–∏–π—Å–∫–∏–π, –Ω–µ–º–µ—Ü–∫–∏–π —è–∑—ã–∫–∏' - 8 –±—é–¥–∂–µ—Ç–Ω—ã—Ö –º–µ—Å—Ç, '–ù–µ–º–µ—Ü–∫–∏–π, –∞–Ω–≥–ª–∏–π—Å–∫–∏–π —è–∑—ã–∫–∏' - 8 –±—é–¥–∂–µ—Ç–Ω—ã—Ö –º–µ—Å—Ç –∏ '–ê–Ω–≥–ª–∏–π—Å–∫–∏–π, –∫–∏—Ç–∞–π—Å–∫–∏–π' - 10 –±—é–¥–∂–µ—Ç–Ω—ã—Ö –º–µ—Å—Ç. –ö–æ–Ω–∫—É—Ä—Å –ø—Ä–æ—à–ª–æ–≥–æ –≥–æ–¥–∞ (—Å–∫–æ–ª—å–∫–æ —á–µ–ª–æ–≤–µ–∫ –Ω–∞ –º–µ—Å—Ç–æ –∏ –ø—Ä–æ—Ö–æ–¥–Ω—ã–µ –±–∞–ª–ª—ã –ø–æ —Ä–∞–∑–Ω—ã–º –∫–æ–Ω–∫—É—Ä—Å–Ω—ã–º –≥—Ä—É–ø–ø–∞–º) –º–æ–∂–Ω–æ –ø–æ—Å–º–æ—Ç—Ä–µ—Ç—å –∑–¥–µ—Å—å https://www.vyatsu.ru/uploads/file/1909/itogi2019do_4.pdf"
"–ó–¥—Ä–∞–≤—Å—Ç–≤—É–π—Ç–µ , –ø–æ–¥—Å–∫–∞–∂–∏—Ç–µ, –ø–æ–∂–∞–ª—É–π—Å—Ç–∞, –µ—Å—Ç—å –ª–∏ —É –≤–∞—Å –æ–±—â–µ–∂–∏—Ç–∏–µ –¥–ª—è –∏–Ω–æ–≥–æ—Ä–æ–¥–Ω–∏—Ö?","–î–æ–±—Ä—ã–π –¥–µ–Ω—å! –î–∞, –∫–æ–Ω–µ—á–Ω–æ. –ü–æ–¥—Ä–æ–±–Ω–µ–µ –º–æ–∂–Ω–æ —É–∑–Ω–∞—Ç—å –∑–¥–µ—Å—å https://www.vyatsu.ru/abiturientu/univers/dni-otkryityih-dverey-1/info-for-1-kurs#dorm-link"
"–æ–±—â–µ–∂–∏—Ç–∏–µ —Ç–æ–ª—å–∫–æ –¥–ª—è —Å—Ç—É–¥–µ–Ω—Ç–æ–≤ —É–Ω–∏–≤–µpc–∏—Ç–µ—Ç–∞ ?, –∏–ª–∏ –Ω–∞ –∫–æ–ª–ª–µ–¥–∂ —Ç–æ–∂–µ ?","–û–±—ã—á–Ω–æ –¥–ª—è —Å—Ç—É–¥–µ–Ω—Ç–æ–≤ –∫–æ–ª–ª–µ–¥–∂–∞ —Ç–æ–∂–µ –≤—ã–¥–µ–ª—è–ª–∏—Å—å –º–µ—Å—Ç–∞ –≤ –æ–±—â–µ–∂–∏—Ç–∏–∏. –õ—É—á—à–µ –æ–±—Ä–∞—Ç–∏—Ç—å—Å—è –Ω–µ–ø–æ—Å—Ä–µ–¥—Å—Ç–≤–µ–Ω–Ω–æ –∫ —Å–æ—Ç—Ä—É–¥–Ω–∏–∫–∞–º –∫–æ–ª–ª–µ–¥–∂–∞ –≤ —ç—Ç–æ–π –≥—Ä—É–ø–ø–µ https://vk.com/kollegevyatsu –∏–ª–∏ –ø–æ —Ç–µ–ª. 8(8332)74-26-74"
"–ó–¥—Ä–∞–≤—Å—Ç–≤—É–π—Ç–µ. –ö–∞–∫ –∂–µ –∫ –≤–∞–º –ø–æ–ø–∞—Å—Ç—å –≤ —ç—Ç–æ–º –≥–æ–¥—É,–µ—Å–ª–∏ –æ—Ç–ª–æ–∂–∞—Ç –ï–ì–≠ –¥–æ –∞–≤–≥—É—Å—Ç–∞-—Å–µ–Ω—Ç—è–±—Ä—è? –ö–∞–∫ –±—ã—Ç—å?üòü, –ü—Ä–∏—ë–º –Ω–∞—á–Ω—ë—Ç—Å—è 20 –∏—é–Ω—è....","–î–æ–±—Ä—ã–π –¥–µ–Ω—å. –ï—Å–ª–∏ —Å–¥–≤–∏–Ω—É—Ç—Å—è —Å—Ä–æ–∫–∏ –ï–ì–≠, —Ç–æ –∏ –ø—Ä–∏—ë–º –¥–æ–∫—É–º–µ–Ω—Ç–æ–≤ –±—É–¥–µ—Ç –ø—Ä–æ–¥–ª—ë–Ω. –¢–∞–∫ —á—Ç–æ –Ω–µ –≤–æ–ª–Ω—É–π—Ç–µ—Å—å, –≤—Å—ë —É—Å–ø–µ–µ—Ç–µ)"
"–ó–¥—Ä–∞–≤—Å—Ç–≤—É–π—Ç–µ, —Å–∫–∞–∂–∏—Ç–µ –ø–æ–∂–∞–ª—É–π—Å—Ç–∞ —á—Ç–æ –Ω—É–∂–Ω–æ –¥–ª—è –ø–æ—Å—Ç—É–ø–ª–µ–Ω–∏—è –≤ –≤–∞—à –í–£–ó –ø–æ—Å–ª–µ —Ç–µ—Ö–Ω–∏–∫—É–º–∞, –∫–∞–∫–∏–µ —ç–∫–∑–∞–º–µ–Ω—ã —Å–¥–∞–≤–∞—Ç—å –∏–ª–∏ –≤—Å—Ç—É–ø–∏—Ç–µ–ª—å–Ω—ã–µ –∏—Å–ø—ã—Ç–∞–Ω–∏—è ?, –ê —É –≤–∞—Å –µ—Å—Ç—å –∫–∞–∫–∏–µ –Ω–∏–±—É—Ç—å –ø–æ–¥–≥–æ—Ç–æ–≤–∏—Ç–µ–ª—å–Ω—ã–µ –∫—É—Ä—Å—ã?","–î–æ–±—Ä—ã–π –¥–µ–Ω—å! –ï—Å–ª–∏ –í—ã –∑–∞–∫–æ–Ω—á–∏–ª–∏ —Ç–µ—Ö–Ω–∏–∫—É–º, —Ç–æ —Å–¥–∞—é—Ç—Å—è –≤—Å—Ç—É–ø–∏—Ç–µ–ª—å–Ω—ã–µ –∏—Å–ø—ã—Ç–∞–Ω–∏—è –≤ —Ñ–æ—Ä–º–µ —Ç–µ—Å—Ç–∏—Ä–æ–≤–∞–Ω–∏—è., https://vk.com/ct_243 - –≥—Ä—É–ø–ø–∞ –ø–æ–¥–≥–æ—Ç–æ–≤–∏—Ç–µ–ª—å–Ω—ã—Ö –∫—É—Ä—Å–æ–≤ –í—è—Ç–ì–£. –ù–∞–ø–∏—à–∏—Ç–µ, –ø–æ–∂–∞–ª—É–π—Å—Ç–∞, –∏–º –≤ —Å–æ–æ–±—â–µ–Ω–∏—è –ø–æ –ø–æ–≤–æ–¥—É –ø–æ–¥–≥–æ—Ç–æ–≤–∫–∏"
"–ó–¥—Ä–∞–≤—Å—Ç–≤—É–π—Ç–µ, —Å–∫–∞–∂–∏—Ç–µ –ø–æ–∂–∞–ª—É–π—Å—Ç–∞ –∞ –∫–æ–≥–¥–∞ –±—É–¥—É—Ç –ø—Ä–æ—Ö–æ–¥–∏—Ç—å –≤—Å—Ç—É–ø–∏—Ç–µ–ª—å–Ω—ã–µ –∏—Å–ø—ã—Ç–∞–Ω–∏—è?–°–ø–∞—Å–∏–±–æ.","–†–∞—Å–ø–∏—Å–∞–Ω–∏–µ –≤—Å—Ç—É–ø–∏—Ç–µ–ª—å–Ω—ã—Ö –∏—Å–ø—ã—Ç–∞–Ω–∏–π –±—É–¥–µ—Ç –æ–ø—É–±–ª–∏–∫–æ–≤–∞–Ω–æ –Ω–∞ —Å–∞–π—Ç–µ –æ—Ä–∏–µ–Ω—Ç–∏—Ä–æ–≤–æ—á–Ω–æ –∫ 1 –∏—é–Ω—è"
"–ó–¥—Ä–∞–≤—Å—Ç–≤—É–π—Ç–µ, –ø–æ–¥—Å–∫–∞–∂–∏—Ç–µ –∫–∞–∫ –≥–æ—Ç–æ–≤–∏—Ç—å—Å—è –∫ –≤–∞—à–∏–º –≤—Å—Ç—É–ø–∏—Ç–µ–ª—å–Ω—ã–º —ç–∫–∑–∞–º–µ–Ω–∞–º –ø–æ –ø—Ä–æ—Ñ–∏–ª—å–Ω–æ–π –º–∞—Ç–µ–º–∞—Ç–∏–∫–µ, –∏–Ω—Ñ–æ—Ä–º–∞—Ç–∏–∫–µ –∏ —Ä—É—Å—Å–∫–æ–º—É, –æ–Ω–∏ —Ç–∞–∫–∏–µ –∂–µ –∫–∞–∫ –∏ –≤ –ï–ì–≠, –∏–ª–∏ –∫–∞–∫–∏–µ - —Ç–æ –¥—Ä—É–≥–∏–µ –∑–∞–¥–∞–Ω–∏—è. –ú–æ–∂–Ω–æ –ª–∏ –≥–æ—Ç–æ–≤–∏—Ç—å—Å—è —á–µ—Ä–µ–∑ '—Ä–µ—à—É –ï–ì–≠'?","–î–æ–±—Ä—ã–π –¥–µ–Ω—å! –ü—Ä–æ–≥—Ä–∞–º–º—ã –≤—Å—Ç—É–ø–∏—Ç–µ–ª—å–Ω—ã—Ö –∏—Å–ø—ã—Ç–∞–Ω–∏–π –∏ –ø—Ä–∏–º–µ—Ä–Ω—ã–π –≤–∞—Ä–∏–∞–Ω—Ç –æ–ø—É–±–ª–∏–∫–æ–≤–∞–Ω—ã –Ω–∞ –æ—Ñ–∏—Ü–∏–∞–ª—å–Ω–æ–º —Å–∞–π—Ç–µ –í—è—Ç–ì–£ https://www.vyatsu.ru/abiturientu/univers/dni-otkryityih-dverey-1/programmyi-vstupitel-nyih-ispyitaniy-po-obscheobra-4.html"
"–û–±—è–∑–∞—Ç–µ–ª—å–Ω–æ –ª–∏ –ø—Ä–æ—Ö–æ–∂–¥–µ–Ω–∏–µ –≤—Å—Ç—É–ø–∏—Ç–µ–ª—å–Ω—ã—Ö —ç–∫–∑–∞–º–µ–Ω–æ–≤, –µ—Å–ª–∏ —è —É–∂–µ –ø–æ–ª—É—á–∏–ª –°–ü–û –ø–æ —Ç–∞–∫–æ–º—É –∂–µ –Ω–∞–ø—Ä–∞–≤–ª–µ–Ω–∏—é, –Ω–∞ –∫–æ—Ç–æ—Ä–æ–µ —Ö–æ—á—É –ø–æ—Å—Ç—É–ø–∏—Ç—å","–°–¥–∞–≤–∞—Ç—å –≤—Å—Ç—É–ø–∏—Ç–µ–ª—å–Ω—ã–µ –æ–±—è–∑–∞—Ç–µ–ª—å–Ω–æ, –ª–∏–±–æ –í—ã –∏—Ö –º–æ–∂–µ—Ç–µ –ø—Ä–µ–¥–æ—Å—Ç–∞–≤–∏—Ç—å –≤ –≤–∏–¥–µ —Ä–µ–∑—É–ª—å—Ç–∞—Ç–æ–≤ –ï–ì–≠, –µ—Å–ª–∏ –æ–Ω–∏ —É –í–∞—Å –µ—Å—Ç—å."
"–Ø —Ç–∞–∫ –ø–æ–Ω—è–ª –µ—Å—Ç—å —Å–≤–æ–±–æ–¥–Ω—ã–µ –±—é–¥–∂–µ—Ç–Ω—ã–µ –º–µ—Å—Ç–∞ –≤ –Ω–µ–∫–æ—Ç–æ—Ä—ã—Ö –Ω–∞–ø—Ä–∞–≤–ª–µ–Ω–∏—è—Ö –∏–ª–∏ —è —á—Ç–æ-—Ç–æ –Ω–µ–ø—Ä–∞–≤–∏–ª—å–Ω–æ –ø–æ–Ω—è–ª, –Ω–∞–ø—Ä–∏–º–µ—Ä –≤ 09.03.02 –≤—Ä–æ–¥–µ –æ—Å—Ç–∞–≤–∞–ª–∏—Å—å —Å–≤–æ–±–æ–¥–Ω—ã–µ –±—é–¥–∂–µ—Ç–Ω—ã–µ –º–µ—Å—Ç–∞","–í—ã –∏–º–µ–µ—Ç–µ –≤–≤–∏–¥—É –æ—á–Ω—É—é —Ñ–æ—Ä–º—É –æ–±—É—á–µ–Ω–∏—è?, –ù–∞ –¥–∞–Ω–Ω–æ–º –Ω–∞–ø—Ä–∞–≤–ª–µ–Ω–∏–∏ –Ω–∞ –æ—á–Ω–æ–π —Ñ–æ—Ä–º–µ –æ–±—É—á–µ–Ω–∏—è –≤ 2020 –≥–æ–¥—É –≤—ã–¥–µ–ª–µ–Ω–æ 30 –±—é–¥–∂–µ—Ç–Ω—ã—Ö –º–µ—Å—Ç, –Ω–∞ –∑–∞–æ—á–Ω–æ–π —Ñ–æ—Ä–º–µ –æ–±—É—á–µ–Ω–∏—è –±—é–¥–∂–µ—Ç–Ω—ã—Ö –º–µ—Å—Ç, –∫ —Å–æ–∂–∞–ª–µ–Ω–∏—é, –Ω–µ—Ç."
"–ê –µ—Å–ª–∏ —è –Ω–∞—Ö–æ–∂—É—Å—å –≤ –¥—Ä—É–≥–æ–º –≥–æ—Ä–æ–¥–µ, –∫–∞–∫ –º–Ω–µ –ø–∏—Å–∞—Ç—å –≤—Å—Ç—É–ø–∏—Ç–µ–ª—å–Ω—ã–µ —ç–∫–∑–∞–º–µ–Ω—ã –≤ —Å–ª–µ–¥—É—é—â–µ–º –≥–æ–¥—É, –ö–∞–∫ –≥–æ—Ç–æ–≤–∏—Ç—å—Å—è –∫ —ç—Ç–∏–º —ç–∫–∑–∞–º–µ–Ω–∞–º –∏ –≤ –∫–∞–∫–æ–π —Ñ–æ—Ä–º–µ –æ–Ω–∏ –±—É–¥—É—Ç –ø—Ä–æ—Ö–æ–¥–∏—Ç—å, –±—É–¥—É—Ç –ª–∏ —Å–æ—á–∏–Ω–µ–Ω–∏—è –ø–æ —Ä—É—Å—Å–∫–æ–º—É, –≥–¥–µ —ç—Ç–æ —É–∑–Ω–∞—Ç—å","–ù–∞—Å—á—ë—Ç —Å–ª–µ–¥—É—é—â–µ–≥–æ –≥–æ–¥–∞ –ø–æ–∫–∞ –Ω–∏—á–µ–≥–æ —Å–∫–∞–∑–∞—Ç—å –Ω–µ –º–æ–∂–µ–º - –ø—Ä–∞–≤–∏–ª–∞ –ø—Ä–∏—ë–º–∞ –∏ –ø—Ä–æ–≥—Ä–∞–º–º—ã –≤—Å—Ç—É–ø–∏—Ç–µ–ª—å–Ω—ã—Ö –∏—Å–ø—ã—Ç–∞–Ω–∏–π –Ω–∞ 2021 –≥–æ–¥ –±—É–¥—É—Ç —É—Ç–≤–µ—Ä–∂–¥–µ–Ω—ã —Ç–æ–ª—å–∫–æ –∫ 1 –æ–∫—Ç—è–±—Ä—è 2020 –≥–æ–¥–∞.  –ê –≤ —ç—Ç–æ–º –≥–æ–¥—É –≤—Å—Ç—É–ø–∏—Ç–µ–ª—å–Ω—ã–µ –∏—Å–ø—ã—Ç–∞–Ω–∏—è –±—É–¥—É—Ç –≤ –¥–∏—Å—Ç–∞–Ω—Ü–∏–æ–Ω–Ω–æ–π —Ñ–æ—Ä–º–µ https://www.vyatsu.ru/internet-gazeta/instruktsiya-po-primeneniyu-ili-kak-postupit-v-vya.html –û–±—ã—á–Ω–æ –ø–æ —Ä—É—Å—Å–∫–æ–º—É —è–∑—ã–∫—É, –∏–Ω—Ñ–æ—Ä–º–∞—Ç–∏–∫–µ –∏ –º–∞—Ç–µ–º–∞—Ç–∏–∫–µ –Ω—É–∂–Ω–æ —Å–¥–∞–≤–∞—Ç—å —Ç–µ—Å—Ç–∏—Ä–æ–≤–∞–Ω–∏–µ. –°–æ—á–∏–Ω–µ–Ω–∏–µ –Ω–µ –ø–∏—à–µ—Ç—Å—è. –î–ª—è –ø–æ–¥–≥–æ—Ç–æ–≤–∫–∏ –ø–æ–∫–∞ –º–æ–∂–µ—Ç–µ –∏—Å–ø–æ–ª—å–∑–æ–≤–∞—Ç—å —Ç–µ –ø—Ä–æ–≥—Ä–∞–º–º—ã –∏ –ø—Ä–∏–º–µ—Ä–Ω—ã–µ —Ç–µ—Å—Ç—ã, —á—Ç–æ –µ—Å—Ç—å –Ω–∞ —Å–∞–π—Ç–µ. –ê –≤ –æ–∫—Ç—è–±—Ä–µ –ø–æ—è–≤–∏—Ç—Å—è –∞–∫—Ç—É–∞–ª—å–Ω–∞—è –∏–Ω—Ñ–æ—Ä–º–∞—Ü–∏—è –Ω–∞ —Å–ª–µ–¥—É—é—â–∏–π –≥–æ–¥."
"–ó–¥—Ä–∞–≤—Å—Ç–≤—É–π—Ç–µ, –º–µ–Ω—è –∏–Ω—Ç–µ—Ä–µ—Å—É–µ—Ç –≤–æ–ø—Ä–æ—Å –ø–æ –ø–æ–≤–æ–¥—É –ø–æ—Å—Ç—É–ø–ª–µ–Ω–∏—è, –∞ –∏–º–µ–Ω–Ω–æ —Å—É—â–µ—Å—Ç–≤—É–µ—Ç –ª–∏ –≤–æ–∑–º–æ–∂–Ω–æ—Å—Ç—å –ø–æ–¥–∞—Ç—å –¥–æ–∫—É–º–µ–Ω—Ç—ã –ø–æ –±–∞–ª–ª–∞–º –ï–≥—ç 2019 –≥–æ–¥–∞?","–î–æ–±—Ä—ã–π –¥–µ–Ω—å! –î–∞, —Ç–∞–∫–æ–µ –≤–æ–∑–º–æ–∂–Ω–æ. –° —ç—Ç–æ–≥–æ –≥–æ–¥–∞ –ø—Ä–æ–∏–∑–æ—à–ª–æ –ø–æ–≤—ã—à–µ–Ω–∏–µ –º–∏–Ω–∏–º–∞–ª—å–Ω—ã—Ö –±–∞–ª–ª–æ–≤ –¥–ª—è –ø–æ–¥–∞—á–∏ –¥–æ–∫—É–º–µ–Ω—Ç–æ–≤, –Ω—É–∂–Ω–æ —Å–≤–µ—Ä–∏—Ç—å —Å –í–∞—à–∏–º–∏ –±–∞–ª–ª–∞–º–∏."
"–ó–¥—Ä–∞–≤—Å—Ç–≤—É–π—Ç–µ, –º–æ–∂–Ω–æ –ª–∏ –ø–µ—Ä–µ–≤–µ—Å—Ç–∏—Å—å —Å 1 –∫—É—Ä—Å–∞ –æ–¥–Ω–æ–≥–æ –≤—É–∑–∞ –Ω–∞ 1 –∫—É—Ä—Å –≤—è—Ç–≥—É –Ω–∞ —Ç—É –∂–µ —Å–ø–µ—Ü–∏–∞–ª—å–Ω–æ—Å—Ç—å?","–î–æ–±—Ä—ã–π –¥–µ–Ω—å! –ü—Ä–∏–µ–º–Ω–∞—è –∫–æ–º–∏—Å—Å–∏—è, –∫ —Å–æ–∂–∞–ª–µ–Ω–∏—é, –Ω–µ –∑–∞–Ω–∏–º–∞–µ—Ç—Å—è –ø–µ—Ä–µ–≤–æ–¥–æ–º. –û–±—Ä–∞—Ç–∏—Ç–µ—Å—å, –ø–æ–∂–∞–ª—É–π—Å—Ç–∞, –ø–æ –¥–∞–Ω–Ω–æ–º—É –≤–æ–ø—Ä–æ—Å—É –≤ –¥–µ–∫–∞–Ω–∞—Ç —Ñ–∞–∫—É–ª—å—Ç–µ—Ç–∞, –Ω–∞ –∫–æ—Ç–æ—Ä—ã–π –ø–ª–∞–Ω–∏—Ä—É–µ—Ç–µ –ø–µ—Ä–µ–≤–µ—Å—Ç–∏—Å—å https://www.vyatsu.ru/studentu-1/nauka-i-praktika.html"
"–ó–¥—Ä–∞–≤—Å—Ç–≤—É–π—Ç–µ. –í —ç—Ç–æ–º –≥–æ–¥—É –±—É–¥—É—Ç –≤—ã–¥–µ–ª—è—Ç—å—Å—è –±—é–¥–∂–µ—Ç–Ω—ã–µ –º–µ—Å—Ç–∞ –Ω–∞ –∑–∞–æ—á–Ω—É—é —Ñ–æ—Ä–º—É –æ–±—É—á–µ–Ω–∏—è –ø–æ —Å–ø–µ—Ü–∏–∞–ª—å–Ω–æ—Å—Ç–∏ –º–∞—à–∏–Ω–æ—Å—Ç—Ä–æ–µ–Ω–∏–µ? –ï—Å–ª–∏ –¥–∞, —Ç–æ –≤ –∫–∞–∫–æ–º –∫–æ–ª–∏—á–µ—Å—Ç–≤–µ –∏ –∫–∞–∫–∏–µ –ø—Ä–µ–¥—ä—è–≤–ª—è—é—Ç—Å—è —Ç—Ä–µ–±–æ–≤–∞–Ω–∏—è –∫ –∞–±–∏—Ç—É—Ä–∏–µ–Ω—Ç–∞–º?","–î–æ–±—Ä—ã–π –¥–µ–Ω—å! –í 2020 –≥–æ–¥—É, –∫ —Å–æ–∂–∞–ª–µ–Ω–∏—é, –Ω–∞ –∑–∞–æ—á–Ω—É—é —Ñ–æ—Ä–º—É –æ–±—É—á–µ–Ω–∏—è –Ω–µ –≤—ã–¥–µ–ª–µ–Ω–æ –±—é–¥–∂–µ—Ç–Ω—ã—Ö –º–µ—Å—Ç."
"–ó–¥—Ä–∞–≤—Å—Ç–≤—É–π—Ç–µ, –ø–æ–¥—Å–∫–∞–∂–∏—Ç–µ –ø–æ–∂–∞–ª—É–π—Å—Ç–∞, —Å—É—â–µ—Å—Ç–≤—É–µ—Ç –ª–∏ –ø—Ä–∏ –≤–∞—à–µ–º —É–Ω–∏–≤–µ—Ä—Å–∏—Ç–µ—Ç–µ –≥–∏–º–Ω–∞–∑–∏—è? –°–ø–∞—Å–∏–±–æ!, –õ–∏–±–æ –ª–∏—Ü–µ–π? –î–ª—è –ø—Ä–æ—Ö–æ–∂–¥–µ–Ω–∏—è 10 –∏ 11 –∫–ª–∞—Å—Å–æ–≤, —Å –ø–æ—Å–ª–µ–¥—É—é—â–∏–º –ø–æ—Å—Ç—É–ø–ª–µ–Ω–∏–µ–º –≤ –≤–∞—à –í–£–ó?","–î–æ–±—Ä—ã–π –¥–µ–Ω—å! –ù–µ—Ç. –ü—Ä–∏ —É–Ω–∏–≤–µ—Ä—Å–∏—Ç–µ—Ç–µ –µ—Å—Ç—å —Ç–æ–ª—å–∫–æ –ö–æ–ª–ª–µ–¥–∂ –í—è—Ç–ì–£."
"–î–æ–±—Ä—ã–π –¥–µ–Ω—å! –•–æ—Ç–µ–ª–∞ –±—ã –≤–∞–º –∑–∞–¥–∞—Ç—å –≤–æ–ø—Ä–æ—Å –∫–∞—Å–∞–µ–º–æ –ø–æ–¥–≥–æ—Ç–æ–≤–∏—Ç–µ–ª—å–Ω—ã—Ö –∫—É—Ä—Å–æ–≤. –ó–∞–ø–∏—Å—å –Ω–∞ –∫—É—Ä—Å—ã –ø–æ –∞–∫–∞–¥–µ–º–∏—á–µ—Å–∫–æ–º—É —Ä–∏—Å—É–Ω–∫—É –Ω–∞—á–Ω—É—Ç—Å—è –ø–æ–∑–∂–µ –∏–ª–∏ –ø—Ä—è–º–æ —Å–µ–π—á–∞—Å –º–æ–∂–Ω–æ –∑–∞–ø–∏—Å–∞—Ç—å—Å—è?","–î–æ–±—Ä—ã–π –¥–µ–Ω—å! –û–±—Ä–∞—Ç–∏—Ç–µ—Å—å, –ø–æ–∂–∞–ª—É–π—Å—Ç–∞, —Å –¥–∞–Ω–Ω—ã–º –≤–æ–ø—Ä–æ—Å–æ–º –Ω–∞ —ç–ª–µ–∫—Ç—Ä–æ–Ω–Ω—É—é –ø–æ—á—Ç—É ct@vyatsu.ru, –ª–∏–±–æ –≤ –≥—Ä—É–ø–ø—É –í–ö–æ–Ω—Ç–∞–∫—Ç–µ https://vk.com/ct_243"
"–ó–¥—Ä–∞–≤—Å—Ç–≤—É–π—Ç–µ. ¬´–•–æ—á—É —Å—Å—ã–ª–∫—É –Ω–∞ –ø—Ä–æ—Ñ—Ç–µ—Å—Ç¬ª. 9 –∫–ª–∞—Å—Å –ö–û–ì–û–ë–£ –°–û–® —Å –£–ò–û–ü –≥ –û–º—É—Ç–Ω–∏–Ω—Å–∫.  –ì–¥–µ –í–∑—è—Ç—å —Å–∞–º —Ç–µ—Å—Ç?","–î–æ–±—Ä—ã–π –¥–µ–Ω—å! –ù–∞–ø–∏—à–∏—Ç–µ, –ø–æ–∂–∞–ª—É–π—Å—Ç–∞, –Ω–∞ —ç–ª–µ–∫—Ç—Ä–æ–Ω–Ω—É—é –ø–æ—á—Ç—É prcom@vyatsu.ru"
"–ó–∞—è–≤–∫—É —è —É–∂–µ –æ—Ç–ø—Ä–∞–≤–∏–ª –Ω—É–∂–µ–Ω —Å–∞–º —Ç–µ—Å—Ç","–í–∞–º –¥–æ–ª–∂–µ–Ω –ø—Ä–∏–π—Ç–∏ –æ—Ç–≤–µ—Ç —Å–æ —Å—Å—ã–ª–∫–æ–π –Ω–∞ —Ç–µ—Å—Ç. –í—ã —É–∂–µ –ø—Ä–æ—à–ª–∏ —Ç–µ—Å—Ç–∏—Ä–æ–≤–∞–Ω–∏–µ –∏ —Ö–æ—Ç–∏—Ç–µ —Ä–µ–∑—É–ª—å—Ç–∞—Ç—ã?"
"–ù–µ—Ç—É –æ—Ç–≤–µ—Ç–∞ —Å–æ —Å—Å—ã–ª–∫–æ–π –Ω–∞ —Ç–µ—Å—Ç. –ó–∞—è–≤–∫–∞ –±—ã–ª–∞ –æ—Ç–ø—Ä–∞–≤–ª–µ–Ω–∞ 14 –º–∞—è","–í–æ–∑–º–æ–∂–Ω–æ –æ—Ç–≤–µ—Ç –ø–æ–ø–∞–ª –≤ –ø–∞–ø–∫—É '–°–ø–∞–º', –ø—Ä–æ–¥—É–±–ª–∏—Ä—É–π—Ç–µ, –ø–æ–∂–∞–ª—É–π—Å—Ç–∞, –µ—â—ë —Ä–∞–∑ –í–∞—à –∑–∞–ø—Ä–æ—Å –Ω–∞ —ç–ª–µ–∫—Ç—Ä–æ–Ω–Ω—É—é –ø–æ—á—Ç—É."
"–º–æ–∂–Ω–æ –ø–æ–≤—Ç–æ—Ä–Ω—ã–π –Ω–æ–≤—ã–π –æ—Ç–≤–µ—Ç —Å —Å—Å—ã–ª–∫–æ–π –Ω–∞ –Ω–æ–≤—ã–π —Ç–µ—Å—Ç (–±—ã–ª–∞ –ø—Ä–æ–±–ª–µ–º–∞ —Å –∫–æ–º–ø—å—é—Ç–µ—Ä–æ–º)","–ù–∞–ø–∏—à–∏—Ç–µ, –ø–æ–∂–∞–ª—É–π—Å—Ç–∞, –∑–∞—è–≤–∫—É –Ω–∞ —ç–ª–µ–∫—Ç—Ä–æ–Ω–Ω—ã–π –∞–¥—Ä–µ—Å prcom@vyatsu.ru"
"–î–æ–±—Ä—ã–π –¥–µ–Ω—å, —Å–∫–∞–∂–∏—Ç–µ –ø–æ–∂–∞–ª—É–π—Å—Ç–∞,–Ω—É–∂–Ω–æ –ª–∏ –º–Ω–µ –±—É–¥–µ—Ç –ø–∏—Å–∞—Ç—å –≤—Å—Ç—É–ø–∏—Ç–µ–ª—å–Ω—ã–µ –∏—Å–ø—ã—Ç–∞–Ω–∏—è –ø–æ —Ä—É—Å—Å–∫–æ–º—É —è–∑—ã–∫—É,–µ—Å–ª–∏ –º–Ω–µ –¥–ª—è –ø–æ—Å—Ç—É–ø–ª–µ–Ω–∏—è –Ω—É–∂–Ω–æ —Ä–µ–∑—É–ª—å—Ç–∞—Ç—ã –ï–ì–≠,–∞ –ï–ì–≠ –ø–æ —Ä—É—Å—Å–∫–æ–º—É —è–∑—ã–∫—É –æ—Ç–º–µ–Ω–∏–ª–∏?, –ò –≤ –∫–∞–∫–æ–π —Ñ–æ—Ä–º–µ –ø—Ä–æ–≤–æ–¥–∏—Ç—Å—è –≤—Å—Ç—É–ø–∏—Ç–µ–ª—å–Ω–æ–µ –∏—Å–ø—ã—Ç–∞–Ω–∏–µ –ø–æ —Ä—É—Å—Å–∫–æ–º—É —è–∑—ã–∫—É –≤ —Å–ª—É—á–∞–µ –Ω–µ–æ–±—Ö–æ–¥–∏–º–æ—Å—Ç–∏ –µ–≥–æ –Ω–∞–ø–∏—Å–∞–Ω–∏—è?–ø–æ—Å—Ç—É–ø–∞—é –Ω–∞ –æ—á–Ω—É—é —Ñ–æ—Ä–º—É","–î–æ–±—Ä—ã–π –¥–µ–Ω—å! –í—ã–ø—É—Å–∫–Ω–∏–∫–∞–º —à–∫–æ–ª –¥–ª—è –ø–æ—Å—Ç—É–ø–ª–µ–Ω–∏—è –≤ –≤—É–∑ –Ω—É–∂–Ω—ã —Ä–µ–∑—É–ª—å—Ç–∞—Ç—ã –ï–ì–≠, –≤ —Ç–æ–º —á–∏—Å–ª–µ –∏ –ø–æ —Ä—É—Å—Å–∫–æ–º—É —è–∑—ã–∫—É. –¢–µ—Å—Ç–∏—Ä–æ–≤–∞–Ω–∏–µ –ø–æ –æ–±—â–µ–æ–±—Ä–∞–∑–æ–≤–∞—Ç–µ–ª—å–Ω—ã–º –ø—Ä–µ–¥–º–µ—Ç–∞–º –≤ –≤—É–∑–µ –º–æ–≥—É—Ç —Å–¥–∞–≤–∞—Ç—å —Ç–æ–ª—å–∫–æ –ª–∏—Ü–∞ —Å –ø—Ä–æ—Ñ–µ—Å—Å–∏–æ–Ω–∞–ª—å–Ω—ã–º –æ–±—Ä–∞–∑–æ–≤–∞–Ω–∏–µ–º (–æ–∫–æ–Ω—á–∏–≤—à–∏–µ –∫–æ–ª–ª–µ–¥–∂ –∏–ª–∏ —Ç–µ—Ö–Ω–∏–∫—É–º –∏–ª–∏ –≤—É–∑), –ª–∏—Ü–∞ —Å –∏–Ω–≤–∞–ª–∏–¥–Ω–æ—Å—Ç—å—é, –∏–Ω–æ—Å—Ç—Ä–∞–Ω–Ω—ã–µ –≥—Ä–∞–∂–¥–∞–Ω–µ."
"–ö–∞–∫ —è –º–æ–≥—É –ø—Ä–µ–¥–æ—Å—Ç–∞–≤–∏—Ç—å —Ä–µ–∑—É–ª—å—Ç–∞—Ç—ã –ï–ì–≠ –ø–æ —Ä—É—Å—Å–∫–æ–º—É,–µ—Å–ª–∏ –ï–ì–≠ –ø–æ —Ä—É—Å—Å–∫–æ–º—É —è–∑—ã–∫—É –æ—Ç–º–µ–Ω–∏–ª–∏?","–ü–æ–∫–∞ –æ—Ñ–∏—Ü–∏–∞–ª—å–Ω–æ–≥–æ –ø—Ä–∏–∫–∞–∑–∞ –æ–± –æ—Ç–º–µ–Ω–µ –ï–ì–≠ –ø–æ —Ä—É—Å—Å–∫–æ–º—É —è–∑—ã–∫—É –Ω–µ –±—ã–ª–æ. –û–¥–Ω–∞–∫–æ –µ—Å–ª–∏ —ç—Ç–æ –ø—Ä–æ–∏–∑–æ–π–¥—ë—Ç, —Ç–æ, –≤–µ—Ä–æ—è—Ç–Ω–µ–µ –≤—Å–µ–≥–æ, –≤ –≤—É–∑–µ —Å–¥–∞–≤–∞—Ç—å –≤—Å—Ç—É–ø–∏—Ç–µ–ª—å–Ω—ã–π —ç–∫–∑–∞–º–µ–Ω –ø–æ —Ä—É—Å—Å–∫–æ–º—É –Ω–µ –ø—Ä–∏–¥—ë—Ç—Å—è - –≤–æ–∑–º–æ–∂–Ω–æ, –ø—Ä–∏—ë–º –±—É–¥–µ—Ç –ø—Ä–æ–≤–æ–¥–∏—Ç—å—Å—è –ø–æ –¥–≤—É–º –¥—Ä—É–≥–∏–º –ï–ì–≠."
"–ê –µ—Å–ª–∏ –Ω–∞ –º–æ—é –Ω–∞ —Å–ø–µ—Ü–∏–∞–ª—å–Ω–æ—Å—Ç—å –∏—Ç–∞–∫  –Ω—É–∂–Ω–æ –±—É–¥–µ—Ç —Ç–æ–ª—å–∫–æ –¥–≤–∞ –ø—Ä–µ–¥–º–µ—Ç–∞ –ï–ì–≠,–≤–∫–ª—é—á–∞—è —Ä—É—Å—Å–∫–∏–π —è–∑—ã–∫?","–í–æ–∑–º–æ–∂–Ω–æ, –≤ —Ç–∞–∫–æ–º —Å–ª—É—á–∞–µ –±—É–¥–µ—Ç —É—á–∏—Ç—ã–≤–∞—Ç—å—Å—è –æ–¥–∏–Ω –ï–ì–≠ –∏ —Ç–æ –ø—Ä–æ—Ñ–µ—Å—Å–∏–æ–Ω–∞–ª—å–Ω–æ–µ –∏–ª–∏ —Ç–≤–æ—Ä—á–µ—Å–∫–æ–µ –≤—Å—Ç—É–ø–∏—Ç–µ–ª—å–Ω–æ–µ –∏—Å–ø—ã—Ç–∞–Ω–∏–µ, –∫–æ—Ç–æ—Ä–æ–µ –í–∞–º –Ω—É–∂–Ω–æ –±—É–¥–µ—Ç —Å–¥–∞—Ç—å –≤ –≤—É–∑–µ. –û–¥–Ω–∞–∫–æ –æ—Ñ–∏—Ü–∏–∞–ª—å–Ω–æ —Ç–∞–∫–æ–µ —Ä–∞—Å–ø–æ—Ä—è–∂–µ–Ω–∏–µ –Ω–µ –≤—ã—à–ª–æ, –ø–æ—ç—Ç–æ–º—É –ø–æ–∫–∞ –≥–æ—Ç–æ–≤—å—Ç–µ—Å—å –∫ –ï–ì–≠ –ø–æ —Ä—É—Å—Å–∫–æ–º—É —Ç–æ–∂–µ)"
"–ê –≥–¥–µ –Ω–∞ —Å–∞–π—Ç–µ —è —Å–º–æ–≥—É —É–≤–∏–¥–µ—Ç—å —Ç–∞–∫–æ–µ —Ä–∞—Å–ø–æ—Ä—è–∂–µ–Ω–∏–µ ?–∏ –≤ –∫–∞–∫–∏—Ö —á–∏—Å–ª–∞—Ö?","–ï—Å–ª–∏ —Ç–∞–∫–∞—è –∏–Ω—Ñ–æ—Ä–º–∞—Ü–∏—è –ø–æ—Å—Ç—É–ø–∏—Ç, —Ç–æ –æ–Ω–∞ –ø–æ—è–≤–∏—Ç—Å—è –≤ –Ω–æ–≤–æ—Å—Ç—è—Ö –Ω–∞ –≥–ª–∞–≤–Ω–æ–π —Å—Ç—Ä–∞–Ω–∏—Ü–µ —Å–∞–π—Ç–∞ –∏–ª–∏ –≤ —Ä–∞–∑–¥–µ–ª–µ '–ê–±–∏—Ç—É—Ä–∏–µ–Ω—Ç—É', –∞ —Ç–∞–∫–∂–µ –≤ –Ω–∞—à–µ–π –≥—Ä—É–ø–ø–µ. –ü–æ —Å—Ä–æ–∫–∞–º —Å–æ—Ä–∏–µ–Ω—Ç–∏—Ä–æ–≤–∞—Ç—å –Ω–µ –º–æ–∂–µ–º, —Ç–∞–∫ –∫–∞–∫ —Ä–µ—à–µ–Ω–∏–µ –ø—Ä–∏–Ω–∏–º–∞–µ—Ç—Å—è –ú–∏–Ω–∏—Å—Ç–µ—Ä—Å—Ç–≤–æ–º."
"–Ø –ø—Ä–∞–≤–∏–ª—å–Ω–æ –ø–æ–Ω—è–ª–∞,—á—Ç–æ –µ—Å–ª–∏ —è –ø–æ—Å—Ç—É–ø–∞—é –Ω–∞ –æ—á–Ω—É—é —Ñ–æ—Ä–º—É –æ–±—É—á–µ–Ω–∏—è,—Ç–æ —è –º–æ–≥—É –ø–æ–¥–∞—Ç—å –¥–æ–∫—É–º–µ–Ω—Ç—ã –Ω–∞ –ø–æ—Å—Ç—É–ø–ª–µ–Ω–∏–µ –¥–∏—Å—Ç–∞–Ω—Ü–∏–æ–Ω–Ω–æ?, –ò —Å–∫–æ–ª—å–∫–æ –Ω—É–∂–Ω–æ —Ñ–æ—Ç–æ 3*4 –¥–ª—è –ø–æ—Å—Ç—É–ø–ª–µ–Ω–∏—è?","–í—ã –ø—Ä–∞–≤–∏–ª—å–Ω–æ –ø–æ–Ω—è–ª–∏, –ø—Ä–∏—ë–º –¥–æ–∫—É–º–µ–Ω—Ç–æ–≤ –±—É–¥–µ—Ç –æ—Å—É—â–µ—Å—Ç–≤–ª—è—Ç—å—Å—è —Ç–æ–ª—å–∫–æ –≤ –¥–∏—Å—Ç–∞–Ω—Ü–∏–æ–Ω–Ω–æ–º —Ñ–æ—Ä–º–∞—Ç–µ https://www.vyatsu.ru/internet-gazeta/instruktsiya-po-primeneniyu-ili-kak-postupit-v-vya.html"
"?, 4 —Ñ–æ—Ç–æ –Ω—É–∂–Ω–æ –≤–µ–¥—å?, ?","–î–∞, –≤—Å—ë –≤–µ—Ä–Ω–æ, 4 —Ñ–æ—Ç–æ."
"–ê –∫–æ–≥–¥–∞ –Ω—É–∂–Ω–æ –±—É–¥–µ—Ç –æ—Ç–¥–∞—Ç—å –æ—Ä–∏–≥–∏–Ω–∞–ª—ã –¥–æ–∫—É–º–µ–Ω—Ç–æ–≤?—É–∂–µ –∏–∑–≤–µ—Å—Ç–Ω—ã —Å—Ä–æ–∫–∏?","–ö —Å–æ–∂–∞–ª–µ–Ω–∏—é, —Å—Ä–æ–∫–∏ –ø–æ–¥–∞—á–∏ –¥–æ–∫—É–º–µ–Ω—Ç–æ–≤ –Ω–µ –∏–∑–≤–µ—Å—Ç–Ω—ã., –ö–∞–∫ —Ç–æ–ª—å–∫–æ —Ä–∞—Å–ø–∏—Å–∞–Ω–∏–µ –ï–ì–≠ –±—É–¥–µ—Ç —É—Ç–≤–µ—Ä–∂–¥–µ–Ω–æ, –Ω–∞ –æ—Ñ–∏—Ü–∏–∞–ª—å–Ω–æ–º —Å–∞–π—Ç–µ –í—è—Ç–ì–£ –±—É–¥—É—Ç –æ–ø—É–±–ª–∏–∫–æ–≤–∞–Ω—ã —Å—Ä–æ–∫–∏ –ø–æ–¥–∞—á–∏ –¥–æ–∫—É–º–µ–Ω—Ç–æ–≤."
"–ê –∫–æ–ø–∏—é –∞—Ç—Ç–µ—Å—Ç–∞—Ç–∞ –≤–µ–¥—å –Ω–µ –Ω—É–∂–Ω–æ –∑–∞–≤–µ—Ä—è—Ç—å?–ø—Ä–æ—Å—Ç–æ –∫—Å–µ—Ä–æ–∫–æ–ø–∏—è?","–î–∞, –≤—Å—ë –≤–µ—Ä–Ω–æ. –ü–æ–Ω–∞–¥–æ–±–∏—Ç—å—Å—è —Ç–æ–ª—å–∫–æ —Å–∫–∞–Ω-–∫–æ–ø–∏—è –∞—Ç—Ç–µ—Å—Ç–∞—Ç–∞."
"–î–æ–±—Ä—ã–π –¥–µ–Ω—å,—Å–∫–∞–∂–∏—Ç–µ –ø–æ–∂–∞–ª—É–π—Å—Ç–∞,–Ω–∞ –∫–∞–∫–∏–µ —Å–ø–µ—Ü–∏–∞–ª—å–Ω–æ—Å—Ç–∏ –Ω—É–∂–Ω–æ –±—É–¥–µ—Ç –ø–æ–∫—É–ø–∞—Ç—å —Ñ–æ—Ä–º—É –∏ –≤ –∫–∞–∫–∏—Ö –ø—Ä–µ–¥–µ–ª–∞—Ö –æ–Ω–∞ —Å—Ç–æ–∏—Ç?","–î–æ–±—Ä—ã–π –¥–µ–Ω—å! —á—Ç–æ –≤—ã –∏–º–µ–µ—Ç–µ –≤–≤–∏–¥—É –ø–æ–¥ —Ñ–æ—Ä–º–æ–π?"
"–£—á–µ–±–Ω–∞—è —Ñ–æ—Ä–º–∞ –¥–ª—è —É–Ω–∏–≤–µ—Ä—Å–∏—Ç–µ—Ç–∞","—É –Ω–∞—Å –Ω–µ—Ç —Ñ–æ—Ä–º—ã, –¥–µ–ª–æ–≤–æ–π —Å—Ç–∏–ª—å –æ–¥–µ–∂–¥—ã."
"–î–æ–±—Ä—ã–π –¥–µ–Ω—å, –≤ —Å–≤—è–∑–∏ —Å –Ω–µ–ø–æ–Ω—è—Ç–Ω–æ–π —Å–∏—Ç—É–∞—Ü–∏–∏ —Å —ç–∫–∑–∞–º–µ–Ω–∞–º–∏, —Ö–æ—Ç–µ–ª –±—ã —Å–ø—Ä–æ—Å–∏—Ç—å, –≤ –í—è—Ç–ì–£ –Ω—É–∂–Ω—ã –ª–∏ –±—É–¥—É—Ç —Ä–µ–∑—É–ª—å—Ç–∞—Ç—ã –ï–ì–≠ –ø–æ —Ä—É—Å—Å–∫–æ–º—É —è–∑—ã–∫—É","–î–æ–±—Ä—ã–π –¥–µ–Ω—å! –î–∞, –≤—ã–ø—É—Å–∫–Ω–∏–∫–∞–º —à–∫–æ–ª –¥–ª—è –ø–æ—Å—Ç—É–ø–ª–µ–Ω–∏—è –≤ –≤—É–∑ –Ω—É–∂–Ω—ã —Ä–µ–∑—É–ª—å—Ç–∞—Ç—ã –ï–ì–≠. –¢–µ—Å—Ç–∏—Ä–æ–≤–∞–Ω–∏–µ –ø–æ –æ–±—â–µ–æ–±—Ä–∞–∑–æ–≤–∞—Ç–µ–ª—å–Ω—ã–º –ø—Ä–µ–¥–º–µ—Ç–∞–º –≤ –≤—É–∑–µ –º–æ–≥—É—Ç —Å–¥–∞–≤–∞—Ç—å —Ç–æ–ª—å–∫–æ –ª–∏—Ü–∞ —Å –ø—Ä–æ—Ñ–µ—Å—Å–∏–æ–Ω–∞–ª—å–Ω—ã–º –æ–±—Ä–∞–∑–æ–≤–∞–Ω–∏–µ–º (–æ–∫–æ–Ω—á–∏–≤—à–∏–µ –∫–æ–ª–ª–µ–¥–∂ –∏–ª–∏ —Ç–µ—Ö–Ω–∏–∫—É–º –∏–ª–∏ –≤—É–∑), –ª–∏—Ü–∞ —Å –∏–Ω–≤–∞–ª–∏–¥–Ω–æ—Å—Ç—å—é, –∏–Ω–æ—Å—Ç—Ä–∞–Ω–Ω—ã–µ –≥—Ä–∞–∂–¥–∞–Ω–µ."
"–î–æ–±—Ä—ã–π –¥–µ–Ω—å, –º–æ–∂–µ—Ç–µ –ª–∏ –≤—ã –º–Ω–µ –ø–æ–º–æ—á—å —Å –≤–æ–ø—Ä–æ—Å–æ–º –ø–æ –ø–æ–≤–æ–¥—É –æ–ª–∏–º–ø–∏–∞–¥—ã, –Ø –Ω–µ –º–æ–≥—É –∑–∞–π—Ç–∏ –∏ –¥–æ–ø–∏—Å–∞—Ç—å—Å—è –Ω–∞ –ø–æ—á—Ç—É, —Å –∫–æ—Ç–æ—Ä–æ–π –º–Ω–µ –æ—Ç–ø—Ä–∞–≤–ª—è–ª–∏ –ª–æ–≥–∏–Ω –∏ –ø–∞—Ä–æ–ª—å, –ë—É–¥—É –æ—á–µ–Ω—å –ø—Ä–∏–∑–Ω–∞—Ç–µ–ª–µ–Ω –µ—Å–ª–∏ –≤—ã —Å–º–æ–∂–µ—Ç–µ –º–Ω–µ –æ–∫–∞–∑–∞—Ç—å –∫–∞–∫—É—é-–Ω–∏–±—É–¥—å –ø–æ–º–æ—â—å","–î–æ–±—Ä—ã–π –¥–µ–Ω—å! –£—Ç–æ—á–Ω–∏—Ç–µ, –ø–æ–∂–∞–ª—É–π—Å—Ç–∞, –∫–∞–∫—É—é –æ–ª–∏–º–ø–∏–∞–¥—É –í—ã –∏–º–µ–µ—Ç–µ –≤–≤–∏–¥—É?"
", –†–µ—á—å –∏–¥—ë—Ç –ø—Ä–æ —ç—Ç—É, –ù–æ —É–∂–µ –ø–æ–∑–¥–Ω–æ","–û–±—Ä–∞—Ç–∏—Ç–µ—Å—å, –ø–æ–∂–∞–ª—É–π—Å—Ç–∞, –∫ –æ—Ä–≥–∞–Ω–∏–∑–∞—Ç–æ—Ä–∞–º –∫–æ–Ω–∫—É—Ä—Å–∞: –¥–∏—Ä–µ–∫—Ü–∏—è –ü–æ–ª–∏—Ç–µ—Ö–Ω–∏—á–µ—Å–∫–æ–≥–æ –∏–Ω—Å—Ç–∏—Ç—É—Ç–∞, 89091319235, es_plusnin@vyatsu.ru"
"–ó–¥—Ä–∞–≤—Å—Ç–≤—É–π—Ç–µ, –•–æ—á—É —É–∑–Ω–∞—Ç—å –Ω–∞ —Å—á—ë—Ç –º–∞–≥–∏—Å—Ç—Ä–∞—Ç—É—Ä—ã, –ï—Å–ª–∏ –ª–∏ –∑–∞–æ—á–Ω–∞—è —Ñ–æ—Ä–º–∞, –õ–æ–≥–æ–ø–µ–¥—É –¥–µ—Ñ–µ–∫—Ç–æ–ª–æ–≥, –ö–∞–∫–∏–µ —É—Å–ª–æ–≤–∏—è –ø—Ä–∏ –ø–æ—Å—Ç—É–ø–ª–µ–Ω–∏–∏, –¶–µ–Ω–∞, –ò –≤—Ä–µ–º—è –æ–±—É—á–µ–Ω–∏—è, ???","–î–æ–±—Ä—ã–π –¥–µ–Ω—å! –î–∞, –≤ 2020 –≥–æ–¥—É –±—É–¥–µ—Ç –Ω–∞–±–æ—Ä –Ω–∞ –∑–∞–æ—á–Ω—É—é —Ñ–æ—Ä–º—É –æ–±—É—á–µ–Ω–∏—è –º–∞–≥–∏—Å—Ç—Ä–∞—Ç—É—Ä—ã '–°–ø–µ—Ü–∏–∞–ª—å–Ω–æ–µ (–¥–µ—Ñ–µ–∫—Ç–æ–ª–æ–≥–∏—á–µ—Å–∫–æ–µ) –æ–±—Ä–∞–∑–æ–≤–∞–Ω–∏–µ. –õ–æ–≥–æ–ø–µ–¥–∏—á–µ—Å–∫–∞—è —Ä–∞–±–æ—Ç–∞ –≤ —Å–∏—Å—Ç–µ–º–µ –æ–±—Ä–∞–∑–æ–≤–∞–Ω–∏—è'. –ü—Ä–∏–µ–º –¥–æ–∫—É–º–µ–Ω—Ç–æ–≤ –Ω–∞—á–Ω–µ—Ç—Å—è 20 –∏—é–Ω—è 2020 –≥–æ–¥–∞ –∏ –±—É–¥–µ—Ç –ø—Ä–æ—Ö–æ–¥–∏—Ç—å —Ç–æ–ª—å–∫–æ –≤ –¥–∏—Å—Ç–∞–Ω—Ü–∏–æ–Ω–Ω–æ–º —Ñ–æ—Ä–º–∞—Ç–µ https://www.vyatsu.ru/internet-gazeta/instruktsiya-po-primeneniyu-ili-kak-postupit-v-vya.html –°—Ç–æ–∏–º–æ—Å—Ç—å –æ–±—É—á–µ–Ω–∏—è –±—É–¥–µ—Ç —É—Å—Ç–∞–Ω–æ–≤–ª–µ–Ω–∞ –∏ –æ–ø—É–±–ª–∏–∫–æ–≤–∞–Ω–∞ –Ω–∞ –æ—Ñ–∏—Ü–∏–∞–ª—å–Ω–æ–º —Å–∞–π—Ç–µ –í—è—Ç–ì–£ –∫ –Ω–∞—á–∞–ª—É –ø—Ä–∏–µ–º–∞ –¥–æ–∫—É–º–µ–Ω—Ç–æ–≤. –°—Ä–æ–∫ –æ–±—É—á–µ–Ω–∏—è 2 –≥–æ–¥–∞ 3 –º–µ—Å—è—Ü–∞."
"–Ø —è–≤–ª—è—é—Å—å –Ω–∞ –¥–∞–Ω–Ω—ã–π –º–æ–º–µ–Ω—Ç —Å—Ç—É–¥–µ–Ω—Ç–æ–º –≤—è—Ç–≥—É, –ó–∞–∫–∞–Ω—á–∏–≤–∞—é –±–∞–∫–∞–ª–∞–≤—Ä –¥–æ—à–∫–æ–ª—å–Ω–æ–µ –æ–±—Ä–∞–∑–æ–≤–∞–Ω–∏–µ –¥–µ—Ç–µ–π –∑–∞—Ç–æ—á–∫–∞ 5 –∫—É—Ä—Å, –ü–æ–¥—Å–∫–∞–∂–∏—Ç–µ –∫–∞–∫ —É –Ω–∏—Ö –∑–∞–Ω—è—Ç–∏—è —Ç–∞–∫ –¥–µ –Ω–∞ —Å–µ—Å—Å–∏—é –ø—Ä–∏–µ–∑–∂–∞–µ–º –∏ —Ç–∞–∫ –¥–≤–∞ —Ä–∞–∑–∞ –≤ –≥–æ–¥?, –Ø –Ω–µ –∏–∑ –ö–∏—Ä–æ–≤–∞, –ü–æ—ç—Ç–æ–º—É –∏ —Å–ø—Ä–∞—à–∏–≤–∞—é","–î–∞, –≤—Å—ë –≤–µ—Ä–Ω–æ, 2 —Å–µ—Å—Å–∏–∏ –≤ –≥–æ–¥."
"–î–æ–±—Ä—ã–π –¥–µ–Ω—å, –ø–æ–¥—Å–∫–∞–∂–∏—Ç–µ –ø–æ–∂–∞–ª—É–π—Å—Ç–∞, –∫—É–¥–∞ –Ω—É–∂–Ω–æ –æ—Ç–ø—Ä–∞–≤–ª—è—Ç—å –ø—Ä–∏–ª–æ–∂–µ–Ω–∏—è, —á—Ç–æ–±—ã –∑–∞—Ä–µ–≥–∏—Å—Ç—Ä–∏—Ä–æ–≤–∞—Ç—å—Å—è –Ω–∞ —É—á–∞—Å—Ç–∏–µ –≤ –æ–ª–∏–º–ø–∏–∞–¥–µ? –ü–æ —Å—Å—ã–ª–∫–µ —è –∑–∞—Ä–µ–≥–∏—Å—Ç—Ä–∏—Ä–æ–≤–∞–ª—Å—è, ","–î–æ–±—Ä—ã–π –¥–µ–Ω—å! –ö –æ—Ä–≥–∞–Ω–∏–∑–∞—Ç–æ—Ä–∞–º –∫–æ–Ω–∫—É—Ä—Å–∞: –¥–∏—Ä–µ–∫—Ü–∏—è –ü–æ–ª–∏—Ç–µ—Ö–Ω–∏—á–µ—Å–∫–æ–≥–æ –∏–Ω—Å—Ç–∏—Ç—É—Ç–∞, 89091319235, es_plusnin@vyatsu.ru"
"–ó–¥—Ä–∞–≤—Å—Ç–≤—É–π—Ç–µ. –ú–µ–Ω—è –∏–Ω—Ç–µ—Ä–µ—Å—É–µ—Ç –ø–æ—Å—Ç—É–ø–ª–µ–Ω–∏–µ –Ω–∞ –∫–∞—Ñ–µ–¥—Ä—É –±–∏–æ–ª–æ–≥–∏–∏ –∏ –±–∏–æ—Ç–µ—Ö–Ω–æ–ª–æ–≥–∏–∏, —Å–ø–µ—Ü–∏–∞–ª—å–Ω–æ—Å—Ç—å –º–∏–∫—Ä–æ–±–∏–æ–ª–æ–≥. –ï—Å—Ç—å —Å—Ä–µ–¥–Ω–µ–µ-—Å–ø–µ—Ü–∏–∞–ª—å–Ω–æ–µ –æ–±—Ä–∞–∑–æ–≤–∞–Ω–∏–µ. –ö–∞–∫ —Å–µ–π—á–∞—Å –ø–æ—Å—Ç—É–ø–∞—Ç—å –≤ —É—Å–ª–æ–≤–∏—è—Ö –∫–∞—Ä–∞–Ω—Ç–∏–Ω–∞?","–î–æ–±—Ä—ã–π –¥–µ–Ω—å! –ü—Ä–∏–µ–º –¥–æ–∫—É–º–µ–Ω—Ç–æ–≤ –±—É–¥–µ—Ç –æ—Å—É—â–µ—Å—Ç–≤–ª—è—Ç—å—Å—è –¥–∏—Å—Ç–∞–Ω—Ü–∏–æ–Ω–Ω–æ https://www.vyatsu.ru/internet-gazeta/instruktsiya-po-primeneniyu-ili-kak-postupit-v-vya.html, –ù–∞ –±–∞–∑–µ —Å—Ä–µ–¥–Ω–µ–≥–æ –ø—Ä–æ—Ñ–µ—Å—Å–∏–æ–Ω–∞–ª—å–Ω–æ–≥–æ –æ–±—Ä–∞–∑–æ–≤–∞–Ω–∏—è –í—ã –º–æ–∂–µ—Ç–µ –ø–æ—Å—Ç—É–ø–∞—Ç—å –∫–∞–∫ –ø–æ —Ä–µ–∑—É–ª—å—Ç–∞—Ç–∞–º –ï–ì–≠, —Ç–∞–∫ –∏ –ø–æ —Ä–µ–∑—É–ª—å—Ç–∞—Ç–∞–º —Ç–µ—Å—Ç–∏—Ä–æ–≤–∞–Ω–∏—è (—Ä—É—Å—Å–∫–∏–π —è–∑—ã–∫, –º–∞—Ç–µ–º–∞—Ç–∏–∫–∞, –±–∏–æ–ª–æ–≥–∏—è). –¢–µ—Å—Ç–∏—Ä–æ–≤–∞–Ω–∏–µ –≤ 2020 –≥–æ–¥—É —Ç–∞–∫–∂–µ –±—É–¥–µ—Ç –ø—Ä–æ–≤–æ–¥–∏—Ç—å—Å—è –¥–∏—Å—Ç–∞–Ω—Ü–∏–æ–Ω–Ω–æ."
"–ó–¥—Ä–∞–≤—Å—Ç–≤—É–π—Ç–µ. –Ø –∑–∏–º–æ–π –∑–≤–æ–Ω–∏–ª–∞ –≤ –∏–Ω—Å—Ç–∏—Ç—É—Ç –∏ —É–∑–Ω–∞–≤–∞–ª –æ –º–∞–π—Å–∫–∏—Ö  –ø–æ–¥–≥–æ—Ç–æ–≤–∏—Ç–µ–ª—å–Ω—ã—Ö –∫—É—Ä—Å–∞—Ö. –û–Ω–∏ –≤ —ç—Ç–æ–º –º–µ—Å—è—Ü–µ –≤—Å—ë-—Ç–∞–∫–∏ –ø—Ä–æ—Ö–æ–¥–∏–ª–∏? –ò–ª–∏ –∏—Ö –ø–µ—Ä–µ–Ω–µ—Å–ª–∏?","–î–æ–±—Ä—ã–π –¥–µ–Ω—å! –ü–æ–¥–≥–æ—Ç–æ–≤–∏—Ç–µ–ª—å–Ω—ã–µ –∫—É—Ä—Å—ã –±—É–¥—É—Ç –ø—Ä–æ–≤–æ–¥–∏—Ç—å—Å—è –≤ –¥–∏—Å—Ç–∞–Ω—Ü–∏–æ–Ω–Ω–æ–º —Ñ–æ—Ä–º–∞—Ç–µ. –ü–æ–¥—Ä–æ–±–Ω–µ–µ —É—Ç–æ—á–Ω–∏—Ç–µ, –ø–æ–∂–∞–ª—É–π—Å—Ç–∞, –≤ —ç—Ç–æ–π –≥—Ä—É–ø–ø–µ https://vk.com/ct_243"
"–ó–¥—Ä–∞–≤—Å—Ç–≤—É–π—Ç–µ,–º–Ω–µ –Ω—É–∂–Ω–æ —É–∑–Ω–∞—Ç—å –æ —Å–ø–æ—Ä—Ç–∏–≤–Ω—ã—Ö, –§–∞–∫—É–ª—å—Ç–µ—Ç–∞—Ö","–î–æ–±—Ä—ã–π –¥–µ–Ω—å. –ß—Ç–æ –í—ã —Ö–æ—Ç–∏—Ç–µ —É–∑–Ω–∞—Ç—å?"
"–ö–∞–∫–∏–µ –≤—Å—Ç—É–ø–∏—Ç–µ–ª—å–Ω—ã–µ —ç–∫–∑–∞–º–µ–Ω—ã","–ï—Å–ª–∏ –í—ã –±—É–¥–µ—Ç–µ –ø–æ—Å—Ç—É–ø–∞—Ç—å –ø–æ—Å–ª–µ –æ–∫–æ–Ω—á–∞–Ω–∏—è 11 –∫–ª–∞—Å—Å–æ–≤, —Ç–æ –Ω–∞ –Ω–∞–ø—Ä–∞–≤–ª–µ–Ω–∏—è '–ü–µ–¥–∞–≥–æ–≥–∏—á–µ—Å–∫–æ–µ –æ–±—Ä–∞–∑–æ–≤–∞–Ω–∏–µ. –ë–µ–∑–æ–ø–∞—Å–Ω–æ—Å—Ç—å –∂–∏–∑–Ω–µ–¥–µ—è—Ç–µ–ª—å–Ω–æ—Å—Ç–∏, —Ñ–∏–∑–∏—á–µ—Å–∫–∞—è –∫—É–ª—å—Ç—É—Ä–∞' –∏ '–ü–µ–¥–∞–≥–æ–≥–∏—á–µ—Å–∫–æ–µ –æ–±—Ä–∞–∑–æ–≤–∞–Ω–∏–µ. –§–∏–∑–∏—á–µ—Å–∫–∞—è –∫—É–ª—å—Ç—É—Ä–∞ –∏ —Å–ø–æ—Ä—Ç' –Ω–µ–æ–±—Ö–æ–¥–∏–º—ã –ï–ì–≠ –ø–æ –æ–±—â–µ—Å—Ç–≤–æ–∑–Ω–∞–Ω–∏—é –∏ —Ä—É—Å—Å–∫–æ–º—É —è–∑—ã–∫—É, –∞ —Ç–∞–∫–∂–µ –Ω—É–∂–Ω–æ –±—É–¥–µ—Ç —Å–¥–∞—Ç—å –≤ –≤—É–∑–µ –ø—Ä–æ—Ñ–µ—Å—Å–∏–æ–Ω–∞–ª—å–Ω–æ–µ –≤—Å—Ç—É–ø–∏—Ç–µ–ª—å–Ω–æ–µ –∏—Å–ø—ã—Ç–∞–Ω–∏–µ –ø–æ –æ–±—â–µ–π —Ñ–∏–∑–∏—á–µ—Å–∫–æ–π –ø–æ–¥–≥–æ—Ç–æ–≤–∫–µ. –ï—Å–ª–∏ –∂–µ –í–∞—Å –∏–Ω—Ç–µ—Ä–µ—Å—É–µ—Ç –Ω–∞–ø—Ä–∞–≤–ª–µ–Ω–∏–µ '–§–∏–∑–∏—á–µ—Å–∫–∞—è –∫—É–ª—å—Ç—É—Ä–∞ –¥–ª—è –ª–∏—Ü —Å –æ—Ç–∫–ª–æ–Ω–µ–Ω–∏—è–º–∏ –≤ —Å–æ—Å—Ç–æ—è–Ω–∏–∏ –∑–¥–æ—Ä–æ–≤—å—è (–∞–¥–∞–ø—Ç–∏–≤–Ω–∞—è —Ñ–∏–∑–∏—á–µ—Å–∫–∞—è –∫—É–ª—å—Ç—É—Ä–∞)', —Ç–æ –Ω—É–∂–Ω—ã –ï–ì–≠ –ø–æ –±–∏–æ–ª–æ–≥–∏–∏ –∏ —Ä—É—Å—Å–∫–æ–º—É —è–∑—ã–∫—É, –∞ —Ç–∞–∫–∂–µ –ø—Ä–æ—Ñ–µ—Å—Å–∏–æ–Ω–∞–ª—å–Ω–æ–µ –≤—Å—Ç—É–ø–∏—Ç–µ–ª—å–Ω–æ–µ –∏—Å–ø—ã—Ç–∞–Ω–∏–µ –ø–æ –æ–±—â–µ–π —Ñ–∏–∑–ø–æ–¥–≥–æ—Ç–æ–≤–∫–µ."
"–ê —á—Ç–æ —Å –º–∞—Ç–µ–º–∞—Ç–∏–∫–æ–π, –∫–∞–∫–∞—è –Ω—É–∂–Ω–∞?","–ü—Ä–∏ –ø–æ—Å—Ç—É–ø–ª–µ–Ω–∏–∏ –Ω–∞ –¥–∞–Ω–Ω—ã–µ –Ω–∞–ø—Ä–∞–≤–ª–µ–Ω–∏—è –º–∞—Ç–µ–º–∞—Ç–∏–∫–∞ –Ω–µ –±—É–¥–µ—Ç —É—á–∏—Ç—ã–≤–∞—Ç—å—Å—è, –ø–æ—ç—Ç–æ–º—É –æ–Ω–∞ –º–æ–∂–µ—Ç –±—ã—Ç—å –ª—é–±–æ–≥–æ —É—Ä–æ–≤–Ω—è"
"–ë—é–¥–∂–µ—Ç–Ω—ã–µ –º–µ—Å—Ç–∞ –µ—Å—Ç—å?","–î–∞, –Ω–∞ –Ω–∞–ø—Ä–∞–≤–ª–µ–Ω–∏–∏ –ø–æ–¥–≥–æ—Ç–æ–≤–∫–∏ '–ü–µ–¥–∞–≥–æ–≥–∏—á–µ—Å–∫–æ–µ –æ–±—Ä–∞–∑–æ–≤–∞–Ω–∏–µ. –ë–µ–∑–æ–ø–∞—Å–Ω–æ—Å—Ç—å –∂–∏–∑–Ω–µ–¥–µ—è—Ç–µ–ª—å–Ω–æ—Å—Ç–∏, —Ñ–∏–∑–∏—á–µ—Å–∫–∞—è –∫—É–ª—å—Ç—É—Ä–∞' - 20 –±—é–¥–∂–µ—Ç–Ω—ã—Ö –º–µ—Å—Ç,  –Ω–∞ –Ω–∞–ø—Ä–∞–≤–ª–µ–Ω–∏–∏ '–§–∏–∑–∏—á–µ—Å–∫–∞—è –∫—É–ª—å—Ç—É—Ä–∞ –¥–ª—è –ª–∏—Ü —Å –æ—Ç–∫–ª–æ–Ω–µ–Ω–∏—è–º–∏ –≤ —Å–æ—Å—Ç–æ—è–Ω–∏–∏ –∑–¥–æ—Ä–æ–≤—å—è (–∞–¥–∞–ø—Ç–∏–≤–Ω–∞—è —Ñ–∏–∑–∏—á–µ—Å–∫–∞—è –∫—É–ª—å—Ç—É—Ä–∞)' - 22 –º–µ—Å—Ç–∞"
"–ö–∞–∫–æ–π –∫–æ–Ω–∫—É—Ä—Å?, –ö–∞–∫–æ–π –ø—Ä–æ—Ö–æ–¥–Ω–æ–π –±–∞–ª–ª?","–ü—Ä–æ—Ö–æ–¥–Ω–æ–π –±–∞–ª–ª —Ñ–æ—Ä–º–∏—Ä—É–µ—Ç—Å—è –ø–æ –ø–æ—Å–ª–µ–¥–Ω–µ–º—É –∑–∞—á–∏—Å–ª–µ–Ω–Ω–æ–º—É –Ω–∞ –±—é–¥–∂–µ—Ç–Ω–æ–µ –º–µ—Å—Ç–æ, —Å–ª–µ–¥–æ–≤–∞—Ç–µ–ª—å–Ω–æ, –∑–∞—Ä–∞–Ω–µ–µ –º—ã –µ–≥–æ –Ω–µ –∑–Ω–∞–µ–º. –ò—Ç–æ–≥–∏ –ø—Ä–∏–µ–º–∞ 2019 –≥–æ–¥–∞ –º–æ–∂–Ω–æ –ø–æ—Å–º–æ—Ç—Ä–µ—Ç—å –∑–¥–µ—Å—å https://www.vyatsu.ru/uploads/file/1909/itogi2019do_4.pdf"
"–ø—Ä–æ—Ñ–µ—Å—Å–∏–æ–Ω–∞–ª—å–Ω–æ–µ –≤—Å—Ç—É–ø–∏—Ç–µ–ª—å–Ω–æ–µ –∏—Å–ø—ã—Ç–∞–Ω–∏–µ –ø–æ –æ–±—â–µ–π —Ñ–∏–∑–∏—á–µ—Å–∫–æ–π –ø–æ–¥–≥–æ—Ç–æ–≤–∫–µ,–∫–∞–∫–∏–µ –∏–º–µ–Ω–Ω–æ –∏—Å–ø—ã—Ç–∞–Ω–∏—è –∏ –Ω–æ—Ä–º–∞—Ç–∏–≤—ã ?","–ü—Ä–æ–≥—Ä–∞–º–º—É –≤—Å—Ç—É–ø–∏—Ç–µ–ª—å–Ω–æ–≥–æ –∏—Å–ø—ã—Ç–∞–Ω–∏—è –º–æ–∂–Ω–æ –ø–æ—Å–º–æ—Ç—Ä–µ—Ç—å –∑–¥–µ—Å—å https://www.vyatsu.ru/uploads/file/1910/ofp.pdf"
"–ö–∞–∫ –ø–æ—Å—Ç—É–ø–∞—Ç—å –≤ —ç—Ç–æ–º –≥–æ–¥—É –∏ –µ—Å—Ç—å –ª–∏ –∫–∞–∫–∏–µ-—Ç–æ –∏–∑–º–µ–Ω–µ–Ω–∏—è?","–î–æ–±—Ä—ã–π –¥–µ–Ω—å! –ü—Ä–∏–µ–º –¥–æ–∫—É–º–µ–Ω—Ç–æ–≤ –±—É–¥–µ—Ç –æ—Å—É—â–µ—Å—Ç–≤–ª—è—Ç—å—Å—è –≤ –¥–∏—Å—Ç–∞–Ω—Ü–∏–æ–Ω–Ω–æ–º —Ñ–æ—Ä–º–∞—Ç–µ https://www.vyatsu.ru/internet-gazeta/instruktsiya-po-primeneniyu-ili-kak-postupit-v-vya.html"
"–ó–¥—Ä–∞–≤—Å—Ç–≤—É–π—Ç–µ, —É –º–µ–Ω—è –≤–æ–ø—Ä–æ—Å –æ –ø–æ—Å—Ç—É–ø–ª–µ–Ω–∏–∏ –Ω–∞ —Ñ–∞–∫—É–ª—å—Ç–µ—Ç –ª–∏–Ω–≥–≤–∏—Å—Ç–∏–∫–∏. –ö–∞–∫–∏–µ –¥–≤–∞ –ø—Ä–µ–¥–º–µ—Ç–∞ –ï–ì–≠ –ø–æ –Ω–æ–≤—ã–º –ø—Ä–∞–≤–∏–ª–∞–º –Ω–µ–æ–±—Ö–æ–¥–∏–º–æ —Å–¥–∞–≤–∞—Ç—å? –†–∞–Ω–µ–µ –Ω—É–∂–Ω—ã –±—ã–ª–∏ –∏–Ω–æ—Å—Ç—Ä–∞–Ω–Ω—ã–π —è–∑—ã–∫, –æ–±—â–µ—Å—Ç–≤–æ–∑–Ω–∞–Ω–∏–µ –∏ —Ä—É—Å—Å–∫–∏–π —è–∑—ã–∫.","–î–æ–±—Ä—ã–π –¥–µ–Ω—å! –ù–∏–∫–∞–∫–∏—Ö –æ—Ñ–∏—Ü–∏–∞–ª—å–Ω—ã—Ö —Ä–∞—Å–ø–æ—Ä—è–∂–µ–Ω–∏–π –Ω–µ –ø–æ—Å—Ç—É–ø–∞–ª–æ, –ø–æ—ç—Ç–æ–º—É –≤—Å–µ –≤—Å—Ç—É–ø–∏—Ç–µ–ª—å–Ω—ã–µ –∏—Å–ø—ã—Ç–∞–Ω–∏—è –Ω–∞ –¥–∞–Ω–Ω—ã–π –º–æ–º–µ–Ω—Ç –æ—Å—Ç–∞—é—Ç—Å—è —Ç–µ –∂–µ https://www.vyatsu.ru/abiturientu/univers/dni-otkryityih-dverey-1/vstupitel-nyie-ispyitaniya-i-minimal-nyie-ballyi-p-3.html"
"–î–æ–±—Ä—ã–π –¥–µ–Ω—å,—Å–∫–∞–∂–∏—Ç–µ –ø–æ–∂–∞–ª—É–π—Å—Ç–∞,–∫–∞–∫ —Å–¥–∞–≤–∞—Ç—å –≤—Å—Ç—É–ø–∏—Ç–µ–ª—å–Ω—ã–µ –∏—Å–ø—ã—Ç–∞–Ω–∏—è –ø—Ä–∏ –ø–æ—Å—Ç—É–ø–ª–µ–Ω–∏–∏,–≤ —Å–≤—è–∑–∏ —Å —Ç–∞–∫–æ–π —Å–∏—Ç—É–∞—Ü–∏–µ–π? –î–∏—Å—Ç–∞–Ω—Ü–∏–æ–Ω–Ω–æ?","–î–æ–±—Ä—ã–π –¥–µ–Ω—å. –î–∞, –≤—Å–µ –≤—Å—Ç—É–ø–∏—Ç–µ–ª—å–Ω—ã–µ –∏—Å–ø—ã—Ç–∞–Ω–∏—è –±—É–¥—É—Ç –ª–∏–±–æ –ø—Ä–µ–¥–æ—Å—Ç–∞–≤–ª—è—Ç—å—Å—è –≤ –≤–∏–¥–µ —Ä–µ–∑—É–ª—å—Ç–∞—Ç–æ–≤ –ï–ì–≠, –ª–∏–±–æ —Å–¥–∞–≤–∞—Ç—å—Å—è –¥–∏—Å—Ç–∞–Ω—Ü–∏–æ–Ω–Ω–æ. –û–±–Ω–æ–≤–ª—ë–Ω–Ω—ã–µ –ø—Ä–æ–≥—Ä–∞–º–º—ã –≤—Å—Ç—É–ø–∏—Ç–µ–ª—å–Ω—ã—Ö –∏—Å–ø—ã—Ç–∞–Ω–∏–π –±—É–¥—É—Ç –æ–ø—É–±–ª–∏–∫–æ–≤–∞–Ω—ã –∑–¥–µ—Å—å https://www.vyatsu.ru/abiturientu/univers/dni-otkryityih-dverey-1/programmyi-vstupitel-nyih-ispyitaniy-provodimyih-v-5.html"
"–í –≤–∏–¥–µ —Ç–µ—Å—Ç–∞ –∏–ª–∏ –æ—Ç–≤–µ—Ç–æ–≤ –ø–æ –≤–∏–¥–µ–æ—Å–≤—è–∑–∏ –±—É–¥—É—Ç –ø—Ä–æ–≤–æ–¥–∏—Ç—å—Å—è –≤—Å—Ç—É–ø–∏—Ç–µ–ª—å–Ω—ã–µ –∏—Å–ø—ã—Ç–∞–Ω–∏—è?","–ö–∞–∫ —Ç–æ–ª—å–∫–æ –ø—Ä–æ–≥—Ä–∞–º–º—ã –Ω–∞ —Å–∞–π—Ç–µ –æ–±–Ω–æ–≤—è—Ç—Å—è, –í—ã –æ–±—è–∑–∞—Ç–µ–ª—å–Ω–æ –æ–± —ç—Ç–æ–º —É–∑–Ω–∞–µ—Ç–µ."
"–∑–¥—Ä–∞–≤—Å—Ç–≤—É–π—Ç–µ, –º–æ–∂–Ω–æ –ª–∏ —É–∑–Ω–∞—Ç—å —Ä–µ–∑—É–ª—å—Ç–∞—Ç—ã?","–î–æ–±—Ä—ã–π –¥–µ–Ω—å! –ö–æ–Ω–µ—á–Ω–æ –º–æ–∂–Ω–æ —É –æ—Ä–≥–∞–Ω–∏–∑–∞—Ç–æ—Ä–æ–≤ https://www.vyatsu.ru/abiturientu/univers/dni-otkryityih-dverey-1/predmetnyie-olimpiadyi-nauchnyie-i-tvorcheskie-kon-4"
"–ö–æ–ª–ª–µ–≥–∏, –¥–æ–±—Ä—ã–π –¥–µ–Ω—å! –û—á–µ–Ω—å –ø—Ä–æ—à—É —Ä–µ–ø–æ—Å—Ç:  https://vk.com/vyat_gum?w=wall-179029664_152 –°–ø–∞—Å–∏–±–æ!!!","–î–æ–±—Ä—ã–π –¥–µ–Ω—å! –î–µ–ª–æ –≤ —Ç–æ–º, —á—Ç–æ –¥–∞–Ω–Ω—ã–π –ø–æ—Å—Ç –Ω–µ –ø–æ–ª—É—á–∏—Ç—Å—è –∑–∞–ø—É—Å—Ç–∏—Ç—å –Ω–∞ —Ä–µ–∫–ª–∞–º—É (–æ–Ω –æ—á–µ–Ω—å –±–æ–ª—å—à–æ–π –ø–æ –æ–±—ä—ë–º—É –∏ –≤ –Ω—ë–º –±–æ–ª–µ–µ 6 —ç–º–æ–¥–∑–∏). –ú—ã —Å–¥–µ–ª–∞–µ–º –Ω–µ–±–æ–ª—å—à–æ–π –ø–æ—Å—Ç –æ –î–Ω–µ –æ—Ç–∫—Ä—ã—Ç—ã—Ö –¥–≤–µ—Ä–µ–π –ò–ì–°–ù —Å–æ —Å—Å—ã–ª–∫–æ–π –Ω–∞ –í–∞—à—É –≥—Ä—É–ø–ø—É '–í—è—Ç–ì–£–ú' –∏ –∑–∞–ø—É—Å—Ç–∏–º –Ω–∞ —Ä–µ–∫–ª–∞–º—É."
"–ú–æ–∂–Ω–æ –∏ —Ç–∞–∫. –°–ø–∞—Å–∏–±–æ!","–ü–æ–∂–∞–ª—É–π—Å—Ç–∞üòä"
"–ö–æ–ª–ª–µ–≥–∏, –¥–æ–±—Ä—ã–π –≤–µ—á–µ—Ä!  –†–∞–∑–º–µ—Å—Ç–∏—Ç–µ, –ø–æ–∂–∞–ª—É–π—Å—Ç–∞, —Ä–æ–ª–∏–∫! –ù–∏—á—ë—Ç–∞–∫–æ–π, –∑–∞–¥–æ—Ä–Ω—ã–πüòâ  –°—Å—ã–ª–∫–∞ –Ω–∞ –∑–∞–≥—Ä—É–∑–∫—É –æ—Ä–∏–≥–∏–Ω–∞–ª–∞ –≤–∏–¥–µ–æ: https://vk.com/away.php?to=https%3A%2F%2Fvyatsu-my.sharepoint.com%2F%3Av%3A%2Fg%2Fpersonal%2Fusr11974_vyatsu_ru%2FESggjG0UrD5LqtQWT1TQ4cYB45sT06jDPdb1fgmhzTcwYg%3Fe%3DFhnRWc&cc_key=","–î–æ–±—Ä–æ–µ —É—Ç—Ä–æ! –°–¥–µ–ª–∞–Ω–æ. –†–æ–ª–∏–∫ –∏ –ø—Ä–∞–≤–¥–∞ –Ω–∏—á—ë—Ç–∞–∫–æ–π)"
"–î–æ–±—Ä—ã–π –¥–µ–Ω—å!, –±–∞–ª–ª—ã –∑–∞—á—Ç—É—Ç—Å—è –ø—Ä–∏ –Ω–∞–ø–∏—Å–∞–Ω–∏–∏ –≤—Å—Ç—É–ø–∏—Ç–µ–ª—å–Ω—ã—Ö –∏—Å–ø—ã—Ç–∞–Ω–∏–π?","–î–æ–±—Ä—ã–π –¥–µ–Ω—å! –î–∞, –∫–æ–Ω–µ—á–Ω–æ. –û–Ω–∏ –±—É–¥—É—Ç –¥–æ–±–∞–≤–ª–µ–Ω—ã –∫ —Ç–µ–º –±–∞–ª–ª–∞–º, –∫–æ—Ç–æ—Ä—ã–µ –í—ã –Ω–∞–±–µ—Ä–µ—Ç–µ."
"–î–æ–±—Ä—ã–π –≤–µ—á–µ—Ä! –ß—Ç–æ –ø–∏—Å–∞—Ç—å –≤ –≥—Ä–∞—Ñ–µ –Ω–∞—É—á–Ω—ã–π —Ä—É–∫–æ–≤–æ–¥–∏—Ç–µ–ª—å, –µ—Å–ª–∏ —Ç–∞–∫–æ–≤–æ–≥–æ –Ω–µ—Ç ?","–î–æ–±—Ä—ã–π –≤–µ—á–µ—Ä! –ï—Å–ª–∏ –í—ã –≥–æ–≤–æ—Ä–∏—Ç–µ –æ–± –æ–ª–∏–º–ø–∏–∞–¥–µ –í—è—Ç–ì–£, —Ç–æ –Ω–∏—á–µ–≥–æ. –ê –ª—É—á—à–µ –ø–æ –≤–æ–ø—Ä–æ—Å–∞–º –æ—Ñ–æ—Ä–º–ª–µ–Ω–∏—è –æ–±—Ä–∞—Ç–∏—Ç—å—Å—è –∫ –æ—Ä–≥–∞–Ω–∏–∑–∞—Ç–æ—Ä–∞–º https://www.vyatsu.ru/abiturientu/univers/dni-otkryityih-dverey-1/predmetnyie-olimpiadyi-nauchnyie-i-tvorcheskie-kon-4"
"–ó–¥—Ä–∞–≤—Å—Ç–≤—É–π—Ç–µ, –∞ –µ—Å–ª–∏ –Ω–µ –ø—Ä–æ–π—Ç–∏ –ø–æ –±–∞–ª–ª–∞–º –Ω–∞ –±—é–¥–∂–µ—Ç, —Ç–æ —Å–∫–æ–ª—å–∫–æ —Å—Ç–æ–∏—Ç –ø–ª–∞—Ç–Ω–æ–µ –æ–±—É—á–µ–Ω–∏–µ –Ω–∞ —Ñ–∞–∫—É–ª—å—Ç–µ—Ç —Ñ–∏–∑–∏—á–µ—Å–∫–æ–π –∫—É–ª—å—Ç—É—Ä—ã?","–î–æ–±—Ä—ã–π –¥–µ–Ω—å! –°—Ç–æ–∏–º–æ—Å—Ç—å –æ–±—É—á–µ–Ω–∏—è –Ω–∞ 2020/2021 –±—É–¥–µ—Ç —É—Ç–≤–µ—Ä–∂–¥–µ–Ω–∞ –∏ –æ–ø—É–±–ª–∏–∫–æ–≤–∞–Ω–∞ –æ—Ä–∏–µ–Ω—Ç–∏—Ä–æ–≤–æ—á–Ω–æ –∫ 20 –∏—é–Ω—è."
"–ê –µ—Å–ª–∏ –ø—Ä–∏–º–µ—Ä–Ω–æ —Ö–æ—Ç—è –±—ã?, –°–∫–æ–ª—å–∫–æ?","–°—Ç–æ–∏–º–æ—Å—Ç—å –æ–±—É—á–µ–Ω–∏—è 2019 –≥–æ–¥–∞ https://www.vyatsu.ru/abiturientu/univers/dni-otkryityih-dverey-1/stoimost-obucheniya-v-2019-20-uchebnom-godu-po-pro.html"
"–°–ø–∞—Å–∏–±–æ, –ø–æ–Ω—è–ª, –ó–¥—Ä–∞–≤—Å—Ç–≤—É–π—Ç–µ, –º–æ–∂–µ—Ç–µ –ø–æ–¥—Å–∫–∞–∑–∞—Ç—å? –ö–∞–∫–∏–µ –ø—Ä–µ–¥–º–µ—Ç—ã –Ω—É–∂–Ω–æ —Å–¥–∞–≤–∞—Ç—å –Ω–∞ –µ–≥—ç, —á—Ç–æ–±—ã –ø–æ—Å—Ç—É–ø–∏—Ç—å –Ω–∞ —Ñ–∞–∫—É–ª—å—Ç–µ—Ç —Ñ–∏–∑–∏—á–µ—Å–∫–æ–π –∫—É–ª—å—Ç—É—Ä—ã?","–î–æ–±—Ä—ã–π –≤–µ—á–µ—Ä. –í—Å—Ç—É–ø–∏—Ç–µ–ª—å–Ω—ã–µ –∏—Å–ø—ã—Ç–∞–Ω–∏—è –æ–ø—É–±–ª–∏–∫–æ–≤–∞–Ω—ã –∑–¥–µ—Å—å https://www.vyatsu.ru/abiturientu/univers/dni-otkryityih-dverey-1/vstupitel-nyie-ispyitaniya-i-minimal-nyie-ballyi-p-3.html"
"–ó–¥—Ä–∞–≤—Å—Ç–≤—É–π—Ç–µ, —Ö–æ—Ç–µ–ª —É–∑–Ω–∞—Ç—å, –µ—Å–ª–∏ –∫ –í–∞–º –ø–æ—Å—Ç—É–ø–∞—Ç—å –ø–æ –∫–≤–æ—Ç–µ, –∫–∞–∫ —Ä–µ–±–µ–Ω–æ–∫ —Å–∏—Ä–æ—Ç–∞, –Ω–∞ –∫–∞–∫–∏–µ –±—ã–ª–ª—ã –Ω—É–∂–Ω–æ —Å–¥–∞—Ç—å –ï–ì–≠?","–î–æ–±—Ä—ã–π –¥–µ–Ω—å! –ü—Ä–æ—Ö–æ–¥–Ω—ã–µ –±–∞–ª–ª—ã –¥–∞–∂–µ –≤ —Ä–∞–º–∫–∞—Ö –∫–≤–æ—Ç—ã –ª–∏—Ü, –∏–º–µ—é—â–∏—Ö –æ—Å–æ–±–æ–µ –ø—Ä–∞–≤–æ, —Ñ–æ—Ä–º–∏—Ä—É—é—Ç—Å—è –ø–æ –ø–æ—Å–ª–µ–¥–Ω–µ–º—É –∑–∞—á–∏—Å–ª–µ–Ω–Ω–æ–º—É –Ω–∞ –±—é–¥–∂–µ—Ç–Ω–æ–µ –º–µ—Å—Ç–æ –≤ —Ä–∞–º–∫–∞—Ö –∫–≤–æ—Ç—ã. –ü–æ—ç—Ç–æ–º—É –µ–∂–µ–≥–æ–¥–Ω–æ –ø—Ä–æ—Ö–æ–¥–Ω–æ–π –±–∞–ª–ª —Ä–∞–∑–Ω—ã–π –∏ –∑–∞—Ä–∞–Ω–µ–µ –º—ã –µ–≥–æ, –∫ —Å–æ–∂–∞–ª–µ–Ω–∏—é, –Ω–µ –∑–Ω–∞–µ–º. –ü—Ä–æ—Ö–æ–¥–Ω—ã–µ –±–∞–ª–ª—ã –ø—Ä–æ—à–ª–æ–≥–æ –≥–æ–¥–∞ https://www.vyatsu.ru/uploads/file/1909/itogi2019do_4.pdf"
"–ê –º–æ–∂–µ—Ç–µ —Å–∞–º–∏ –Ω–∞–ø–∏—Å–∞—Ç—å –±–∞–ª–ª—ã —Å —Ç–æ–≥–æ –≥–æ–¥–∞? –ü—Ä–æ—Å—Ç–æ —É –º–µ–Ω—è –Ω–µ –æ—Ç–∫—Ä—ã–≤–∞–µ—Ç—Å—è.","–£—Ç–æ—á–Ω–∏—Ç–µ, –ø–æ–∂–∞–ª—É–π—Å—Ç–∞, –∫–∞–∫–æ–µ –Ω–∞–ø—Ä–∞–≤–ª–µ–Ω–∏–µ –ø–æ–¥–≥–æ—Ç–æ–≤–∫–∏ –í–∞—Å –∏–Ω—Ç–µ—Ä–µ—Å—É–µ—Ç?"
"–§–∏–∑–∏—á–µ—Å–∫–∞—è –∫—É–ª—å—Ç—É—Ä–∞ –∏ —Å–ø–æ—Ä—Ç","177 –Ω–∞ –§–∏–∑–∏—á–µ—Å–∫–æ–π –∫—É–ª—å—Ç—É—Ä–µ –∏ 197 –Ω–∞ –ü–µ–¥–∞–≥–æ–≥–∏—á–µ—Å–∫–æ–º –æ–±—Ä–∞–∑–æ–≤–∞–Ω–∏–∏. –ë–µ–∑–æ–ø–∞—Å–Ω–æ—Å—Ç—å –∂–∏–∑–Ω–µ–¥–µ—è—Ç–µ–ª—å–Ω–æ—Å—Ç–∏, —Ñ–∏–∑–∏—á–µ—Å–∫–∞—è –∫—É–ª—å—Ç—É—Ä–∞."
"–≠—Ç–æ –ø–æ –∫–≤–æ—Ç–µ?","–î–∞"
"–≠—Ç–æ —Å —Ç—Ä—ë—Ö –ø—Ä–µ–¥–º–µ—Ç–æ–≤? –†—É—Å—Å–∫–æ–≥–æ, –æ–±—â–µ—Å—Ç–≤–∞ –∏ –ü—Ä–æ—Ñ–∏—Å–µ–æ–Ω–∞–ª—å–Ω–æ–≥–æ –í–ò?","–î–∞"
"–ê –ø—Ä–æ—Ñ–∏—Å–µ–æ–Ω–∞–ª—å–Ω–æ–µ –í–ò —Ç–æ–∂–µ –≤ —ç—Ç–æ –≤—Ö–æ–¥–∏—Ç?, –ò –∫–æ–≥–¥–∞ –µ–≥–æ —Å–¥–∞–≤–∞—Ç—å?","–ø—Ä–æ—Ñ.–≤—Å—Ç—É–ø–∏—Ç–µ–ª—å–Ω–æ–µ —Ç–æ–∂–µ –≤—Ö–æ–¥–∏—Ç. –î–∞—Ç—ã –±—É–¥—É—Ç –≤—ã–ª–æ–∂–µ–Ω—ã —á—É—Ç—å –ø–æ–∑–∂–µ."
"–ê –µ—Å–ª–∏ –Ω–∞–ø—Ä–∏–º–µ—Ä —è –æ–±—â–µ—Å—Ç–≤–æ —Å–¥–∞–º –Ω–∞ 30 –±–∞–ª–ª–æ–≤, —Ä—É—Å—Å–∫–∏–π –Ω–∞ 50, –ø—Ä–æ—Ñ–∏—Å–µ–æ–Ω–∞–ª—å–Ω–æ–µ –í–ò –Ω–∞ 90 –≤ –∏—Ç–æ–≥–µ –ø–æ–ª—É—á–∞–µ—Ç—Å—è –±–æ–ª—å—à–µ 170, —Ç–æ —è –ø—Ä–æ–π–¥—É?","–æ–±—â–µ—Å—Ç–≤–æ–∑–Ω–∞–Ω–∏–µ –¥–æ–ª–∂–Ω–æ –±—ã—Ç—å –Ω–µ –Ω–∏–∂–µ —É—Å—Ç–∞–Ω–æ–≤–ª–µ–Ω–Ω–æ–≥–æ –º–∏–Ω–∏–º–∞–ª—å–Ω–æ–≥–æ –±–∞–ª–ª–∞."
"–í—Å–µ, –ø–æ–Ω—è–ª —Å–ø–∞—Å–∏–±–æ, –∞ –º–æ–∂–µ—Ç–µ –µ—â—ë –ø–æ–∫–∞–∑–∞—Ç—å –≤–∏–¥—ã —Å–ø–æ—Ä—Ç–∞ –ø—Ä–æ—Ñ–µ—Å—Å–∏–æ–Ω–∞–ª—å–Ω–æ–≥–æ –≤–∏ –∏ –Ω–∞ –∫–∞–∫–∏–µ —Ä–µ–∑—É–ª—å—Ç–∞—Ç—ã –Ω—É–∂–Ω–æ —Å–¥–∞—Ç—å –∏—Ö?","https://www.vyatsu.ru/uploads/file/2005/programma_ofp.pdf, –í—Å—Ç—É–ø–∏—Ç–µ–ª—å–Ω–æ–µ –∏—Å–ø—ã—Ç–∞–Ω–∏–µ –±—É–¥–µ—Ç –ø—Ä–æ—Ö–æ–¥–∏—Ç—å –¥–∏—Å—Ç–∞–Ω—Ü–∏–æ–Ω–Ω–æ –≤ —Ñ–æ—Ä–º–µ —Ç–µ—Å—Ç–∏—Ä–æ–≤–∞–Ω–∏—è"
"–î–æ–±—Ä—ã–π –¥–µ–Ω—å, –Ω–µ –º–æ–≥–ª–∏ –±—ã –≤—ã –ø–æ–∫–∞–∑–∞—Ç—å –ø—Ä–∏–º–µ—Ä–Ω—ã–µ —Ç–µ—Å—Ç—ã –≤—Å—Ç—É–ø–∏—Ç–µ–ª—å–Ω—ã—Ö –∏—Å–ø—ã—Ç–∞–Ω–∏–π –ø–æ –º–∞—Ç–µ–º–∞—Ç–∏–∫–µ, —Ä—É—Å—Å–∫–æ–º—É —è–∑—ã–∫—É –∏ –æ–±—â–µ—Å—Ç–≤–æ–∑–Ω–∞–Ω–∏—é (–Ω–µ –ï–ì–≠, —è –ø–æ—Å–ª–µ –°–ü–û)? –ò–Ω—Ç–µ—Ä–µ—Å—É—é—Ç –Ω–∞–ø—Ä–∞–≤–ª–µ–Ω–∏—è: —Ö—É–¥–æ–∂–µ—Å—Ç–≤–µ–Ω–Ω–æ–π –æ–±—Ä–∞–±–æ—Ç–∫–∏ –º–∞—Ç–µ—Ä–∏–∞–ª–æ–≤ –∏ –ø–µ–¥. –æ–±—Ä–∞–∑–æ–≤–∞–Ω–∏–µ (—Ç–µ—Ö–Ω–æ–ª–æ–≥–∏—è –∏ –∏–∑–æ). –°–∞–º–∞ –Ω–∞ –≤–∞—à–µ–º —Å–∞–π—Ç–µ –Ω–µ –º–æ–≥—É –Ω–∞–π—Ç–∏.","–î–æ–±—Ä—ã–π –¥–µ–Ω—å! –ü—Ä–∏–º–µ—Ä–Ω—ã–µ –≤–∞—Ä–∏–∞–Ω—Ç—ã –≤—Å—Ç—É–ø–∏—Ç–µ–ª—å–Ω—ã—Ö –∏—Å–ø—ã—Ç–∞–Ω–∏–π –±—É–¥—É—Ç –æ–ø—É–±–ª–∏–∫–æ–≤–∞–Ω—ã –Ω–∞ –æ—Ñ–∏—Ü–∏–∞–ª—å–Ω–æ–º —Å–∞–π—Ç–µ –í—è—Ç–ì–£ –ø–æ—Å–ª–µ –Ω–æ–≤–æ–≥–æ –≥–æ–¥–∞. –ù–∞ –¥–∞–Ω–Ω—ã–π –º–æ–º–µ–Ω—Ç –º–æ–∂–Ω–æ –≥–æ—Ç–æ–≤–∏—Ç—å—Å—è –ø–æ –≤–∞—Ä–∏–∞–Ω—Ç–∞–º –ï–ì–≠."
"–•–æ—Ä–æ—à–æ, —Å–ø–∞—Å–∏–±–æ!, –î–æ–±—Ä—ã–π –¥–µ–Ω—å, –∞ –º–æ–∂–Ω–æ —É–∑–Ω–∞—Ç—å –≤ –∫–∞–∫–æ–º —Ñ–æ—Ä–º–∞—Ç–µ –≤ —Å–ª–æ–∂–∏–≤—à–µ–π—Å—è —Å–∏—Ç—É–∞—Ü–∏–∏ –±—É–¥–µ—Ç –ø—Ä–æ—Ö–æ–¥–∏—Ç—å —Ç–≤–æ—Ä—á–µ—Å–∫–æ–µ –∏—Å–ø—ã—Ç–∞–Ω–∏–µ? –ò –ø–æ—è–≤—è—Ç—Å—è –ª–∏ –Ω–∞ —Å–∞–π—Ç–µ –ø—Ä–∏–º–µ—Ä–Ω—ã–µ —Ç–µ—Å—Ç—ã '–≤—É–∑–æ–≤—Å–∫–∏—Ö' –≤—Å—Ç—É–ø–∏—Ç–µ–ª—å–Ω—ã—Ö –∏—Å–ø—ã—Ç–∞–Ω–∏–π –ø–æ –º–∞—Ç–µ–º–∞—Ç–∏–∫–µ –∏ —Ä—É—Å—Å–∫–æ–º—É —è–∑—ã–∫—É?","–î–æ–±—Ä—ã–π –¥–µ–Ω—å! –ò –ø—Ä–∏—ë–º –¥–æ–∫—É–º–µ–Ω—Ç–æ–≤, –∏ –≤—Å—Ç—É–ø–∏—Ç–µ–ª—å–Ω—ã–µ –∏—Å–ø—ã—Ç–∞–Ω–∏—è –±—É–¥—É—Ç –ø—Ä–æ—Ö–æ–¥–∏—Ç—å –¥–∏—Å—Ç–∞–Ω—Ü–∏–æ–Ω–Ω–æ. –ü—Ä–æ–≥—Ä–∞–º–º—ã –≤—Å—Ç—É–ø–∏—Ç–µ–ª—å–Ω—ã—Ö –∏—Å–ø—ã—Ç–∞–Ω–∏–π –±—É–¥—É—Ç –æ–ø—É–±–ª–∏–∫–æ–≤–∞–Ω—ã –Ω–∞ –æ—Ñ–∏—Ü–∏–∞–ª—å–Ω–æ–º —Å–∞–π—Ç–µ –í—è—Ç–ì–£ –∫ –ø–æ–Ω–µ–¥–µ–ª—å–Ω–∏–∫—É."
"–î–î! –ó–∞–¥–∞–ª–∞ –≤–æ–ø—Ä–æ—Å –Ω–∞ —Å—Ç–µ–Ω–µ –≥—Ä—É–ø–ø—ã –í–ö","–î–æ–±—Ä—ã–π –¥–µ–Ω—å! —É—Ç–æ—á–Ω–∏—Ç–µ, –∫–∞–∫–∏–µ –ø—Ä–∞–≤–∏–ª–∞? –æ–ø–∏—Å–∞–Ω–∏–µ —ç–∫–∑–∞–º–µ–Ω–æ–≤?"
"–Ω–∞–≤–µ—Ä–Ω–æ–µ —ç—Ç–æ —Ç–∞–∫ –Ω–∞–∑—ã–≤–∞–µ—Ç—Å—è, –≤ –ø—Ä–∏–µ–º–Ω–æ–π –∫–æ–º–∏—Å—Å–∏ –∑–∞—á–∏—Ç–∞–ª–∏, –Ω–æ –Ω–µ –∑–∞–ø–æ–º–Ω–∏–ª–∞ –∏ —Åsye –Ω–∞–¥–æ –ø–µ—Ä–µ–¥–∞—Ç—å","https://www.vyatsu.ru/abiturientu/univers/dni-otkryityih-dverey-1/programmyi-vstupitel-nyih-ispyitaniy-tvorcheskoy-1.html, –∑–∞–≥–ª—è–Ω–∏—Ç–µ –ø–æ —Å—Å—ã–ª–∫–µ.—ç—Ç–æ —Ç–æ, —á—Ç–æ –∏—â–∏—Ç–µ?"
"–º–∏–Ω—É—Ç—É.., –¥–∞üòÉ —Å–ø–∞—Å–∏–±–æ –±–æ–ª—å—à–æ–µüôå","–ø–æ–∂–∞–ª—É–π—Å—Ç–∞!"
"–ó–¥—Ä–∞–≤—Å—Ç–≤—É–π—Ç–µ, –ø–æ–¥—Å–∫–∞–∂–∏—Ç–µ,–ø–æ–∂–∞–ª—É–π—Å—Ç–∞, —Å–∫–æ–ª—å–∫–æ –º–µ—Å—Ç –Ω–∞ –ø–ª–∞—Ç–Ω–æ–µ –æ–±—É—á–µ–Ω–∏–µ –≤ –í—è—Ç–ì–£ –Ω–∞ —Ñ–∏–∑–∫—É–ª—å—Ç—É—Ä—É. –ò —Å—Ç–æ–∏–º–æ—Å—Ç—å –æ–±—É—á–µ–Ω–∏—è –∏ –ø–æ—Ä—è–¥–æ–∫ –æ–ø–ª–∞—Ç—ã. –°–ø–∞—Å–∏–±–æ.","–î–æ–±—Ä—ã–π –¥–µ–Ω—å! –£—Ç–æ—á–Ω–∏—Ç–µ, –ø–æ–∂–∞–ª—É–π—Å—Ç–∞, –æ—á–Ω–∞—è –∏–ª–∏ –∑–∞–æ—á–Ω–∞—è —Ñ–æ—Ä–º–∞ –æ–±—É—á–µ–Ω–∏—è –í–∞—Å –∏–Ω—Ç–µ—Ä–µ—Å—É–µ—Ç –∏ –∫–∞–∫–æ–µ –∫–æ–Ω–∫—Ä–µ—Ç–Ω–æ –Ω–∞–ø—Ä–∞–≤–ª–µ–Ω–∏–µ –ø–æ–¥–≥–æ—Ç–æ–≤–∫–∏: '–ü–µ–¥–∞–≥–æ–≥–∏—á–µ—Å–∫–æ–µ –æ–±—Ä–∞–∑–æ–≤–∞–Ω–∏–µ. –ë–µ–∑–æ–ø–∞—Å–Ω–æ—Å—Ç—å –∂–∏–∑–Ω–µ–¥–µ—è—Ç–µ–ª—å–Ω–æ—Å—Ç–∏, —Ñ–∏–∑–∏—á–µ—Å–∫–∞—è –∫—É–ª—å—Ç—É—Ä–∞' –∏–ª–∏ '–§–∏–∑–∏—á–µ—Å–∫–∞—è –∫—É–ª—å—Ç—É—Ä–∞ –¥–ª—è –ª–∏—Ü —Å –æ—Ç–∫–ª–æ–Ω–µ–Ω–∏—è–º–∏ –≤ —Å–æ—Å—Ç–æ—è–Ω–∏–∏ –∑–¥–æ—Ä–æ–≤—å—è'?"
"–ó–¥—Ä–∞–≤—Å—Ç–≤—É–π—Ç–µ, –ø–æ–∑–≤–æ–Ω–∏–ª–∞ —Ç–æ–ª—å–∫–æ —á—Ç–æ –Ω–∞ —Ñ–∞–∫—É–ª—å—Ç–µ—Ç, –≤—Å–µ –æ—á–µ–Ω—å —Ö–æ—Ä–æ—à–æ —Ä–∞—Å—Å–∫–∞–∑–∞–ª–∏.üòä","–ó–∞–º–µ—á–∞—Ç–µ–ª—å–Ω–æ)"
"–ó–¥—Ä–∞–≤—Å—Ç–≤—É–π—Ç–µ, –ø—Ä–∏ –ø–æ—Å—Ç—É–ø–ª–µ–Ω–∏–∏ –Ω–∞ —Ñ–∏–∑–∫—É–ª—å—Ç—É—Ä—É –ø–ª–∞—Ç–Ω–æ –Ω–∞ –∑–∞–æ—á–∫—É –Ω—É–∂–µ–Ω –ª–∏ –µ–≥—ç?, –°–µ–π—á–∞—Å —Ä–∞–∑—Ä–µ—à–∏–ª–∏ –Ω–µ —Å–¥–∞–≤–∞—Ç—å, –µ—Å–ª–∏ –≤ –≤—É–∑–∞—Ö –Ω–µ —Ç—Ä–µ–±—É–µ—Ç—Å—è, –ò–ª–∏ –¥–∞–π—Ç–µ —Ç–µ–ª –ø—Ä–∏—ë–º–Ω–æ–π –∫–æ–º–∏—Å—Å–∏–∏ –ø–æ–∂–∞–ª—É–π—Å—Ç–∞ üòÑ","–î–æ–±—Ä—ã–π –¥–µ–Ω—å! –î–∞, –≤—ã–ø—É—Å–∫–Ω–∏–∫–∞–º —à–∫–æ–ª –¥–ª—è –ø–æ—Å—Ç—É–ø–ª–µ–Ω–∏—è –≤ –≤—É–∑ –Ω—É–∂–Ω—ã —Ä–µ–∑—É–ª—å—Ç–∞—Ç—ã –ï–ì–≠.  –¢–µ—Å—Ç–∏—Ä–æ–≤–∞–Ω–∏–µ –ø–æ –æ–±—â–µ–æ–±—Ä–∞–∑–æ–≤–∞—Ç–µ–ª—å–Ω—ã–º –ø—Ä–µ–¥–º–µ—Ç–∞–º –≤ –≤—É–∑–µ –º–æ–≥—É—Ç —Å–¥–∞–≤–∞—Ç—å —Ç–æ–ª—å–∫–æ –ª–∏—Ü–∞ —Å –ø—Ä–æ—Ñ–µ—Å—Å–∏–æ–Ω–∞–ª—å–Ω—ã–º –æ–±—Ä–∞–∑–æ–≤–∞–Ω–∏–µ–º (–æ–∫–æ–Ω—á–∏–≤—à–∏–µ –∫–æ–ª–ª–µ–¥–∂ –∏–ª–∏ —Ç–µ—Ö–Ω–∏–∫—É–º –∏–ª–∏ –≤—É–∑), –ª–∏—Ü–∞ —Å –∏–Ω–≤–∞–ª–∏–¥–Ω–æ—Å—Ç—å—é, –∏–Ω–æ—Å—Ç—Ä–∞–Ω–Ω—ã–µ –≥—Ä–∞–∂–¥–∞–Ω–µ. –¢–µ–ª–µ—Ñ–æ–Ω –ø—Ä–∏—ë–º–Ω–æ–π –∫–æ–º–∏—Å—Å–∏–∏: 8(8332)64-89-89 –∏–ª–∏ 74-29-29"
"–¥–æ–±—Ä—ã–π –≤–µ—á–µ—Ä, —è —Ö–æ—Ç–µ–ª–∞ –±—ã —Å–ø—Ä–æ—Å–∏—Ç—å –Ω–∞—Å—á–µ—Ç —Ñ–∞–∫—É–ª—å—Ç–µ—Ç–∞ –∞–¥–∞–ø—Ç–∏–≤–Ω–æ–π —Ñ–∏–∑–∏—á–µ—Å–∫–æ–π –∫—É–ª—å—Ç—É—Ä—ã –∫–∞–∫–∏–µ –ø—Ä–æ—Ö–æ–¥–Ω—ã–µ –±–∞–ª–ª—ã, –∏ –∫–∞–∫ –±—É–¥—É—Ç –ø—Ä–æ—Ö–æ–¥–∏—Ç—å –≤—Å—Ç—É–ø–∏—Ç–µ–ª—å–Ω—ã–µ –∏—Å–ø—ã—Ç–∞–Ω–∏—è?","–î–æ–±—Ä—ã–π –≤–µ—á–µ—Ä! –ü—Ä–æ—Ö–æ–¥–Ω—ã–µ –±–∞–ª–ª—ã –Ω–µ –º–æ–≥—É—Ç –±—ã—Ç—å –∏–∑–≤–µ—Å—Ç–Ω—ã –∑–∞—Ä–∞–Ω–µ–µ - –æ–Ω–∏ –∑–∞–≤–∏—Å—è—Ç –∏—Å–∫–ª—é—á–∏—Ç–µ–ª—å–Ω–æ –æ—Ç –∫–æ–Ω–∫—É—Ä—Å–Ω–æ–π —Å–∏—Ç—É–∞—Ü–∏–∏ –≤–æ –≤—Ä–µ–º—è –ø—Ä–∏—ë–º–∞. –í—Å—Ç—É–ø–∏—Ç–µ–ª—å–Ω—ã–µ –∏—Å–ø—ã—Ç–∞–Ω–∏—è –±—É–¥—É—Ç –ø—Ä–æ—Ö–æ–¥–∏—Ç—å –¥–∏—Å—Ç–∞–Ω—Ü–∏–æ–Ω–Ω–æ - —Å–∫–æ—Ä–æ –±—É–¥—É—Ç –æ–ø—É–±–ª–∏–∫–æ–≤–∞–Ω—ã –æ–±–Ω–æ–≤–ª—ë–Ω–Ω—ã–µ –ø—Ä–æ–≥—Ä–∞–º–º—ã –≤—Å—Ç—É–ø–∏—Ç–µ–ª—å–Ω—ã—Ö –∏—Å–ø—ã—Ç–∞–Ω–∏–π, –≤ –∫–æ—Ç–æ—Ä—ã—Ö –≤—Å—ë –±—É–¥–µ—Ç –ø–æ–¥—Ä–æ–±–Ω–æ –æ–ø–∏—Å–∞–Ω–æ."
"–ó–¥—Ä–∞–≤—Å—Ç–≤—É–π—Ç–µ, —Ö–æ—Ç–µ–ª–∞ —É–∑–Ω–∞—Ç—å –æ –ø–æ—Å—Ç—É–ø–ª–µ–Ω–∏–∏. –í —ç—Ç–æ–º –≥–æ–¥—É —è –∑–∞–∫–∞–Ω—á–∏–≤–∞—é —Ç–µ—Ö–Ω–∏–∫—É–º, –ø–æ–ª—É—á—É –¥–∏–ø–ª–æ–º. –ò –≤–æ–∑–Ω–∏–∫–∞–µ—Ç –≤–æ–ø—Ä–æ—Å  –Ω—É–∂–Ω–æ –±—É–¥–µ—Ç —Å–¥–∞–≤–∞—Ç—å –≤—Å—Ç—É–ø–∏—Ç–µ–ª—å–Ω—ã–µ —ç–∫–∑–∞–º–µ–Ω—ã –∏–ª–∏ –∫–∞–∫ –º–Ω–µ –ø–æ—Å—Ç—É–ø–∏—Ç—å ?","–î–æ–±—Ä—ã–π –¥–µ–Ω—å! –î–∞, –ø–æ—Å–ª–µ –æ–∫–æ–Ω—á–∞–Ω–∏—è —Ç–µ—Ö–Ω–∏–∫—É–º–∞ –í—ã –∏–º–µ–µ—Ç–µ –ø—Ä–∞–≤–æ –ø–æ—Å—Ç—É–ø–∞—Ç—å –∏–ª–∏ –ø–æ –≤—É–∑–æ–≤—Å–∫–æ–º—É –ø–∏—Å—å–º–µ–Ω–Ω–æ–º—É —Ç–µ—Å—Ç–∏—Ä–æ–≤–∞–Ω–∏—é, –∏–ª–∏ –ø–æ –ï–ì–≠ - –Ω–∞ –í–∞—à –≤—ã–±–æ—Ä"
"–ê –∫–æ–≥–¥–∞ –±—É–¥—É—Ç —Ç–µ—Å—Ç–∏—Ä–æ–≤–∞–Ω–∏—è  –∏ –∫—É–¥–∞ –æ–±—Ä–∞—â–∞—Ç—å—Å—è —Å —ç—Ç–∏–º?","–†–∞—Å–ø–∏—Å–∞–Ω–∏–µ –≤—Å—Ç—É–ø–∏—Ç–µ–ª—å–Ω—ã—Ö –∏—Å–ø—ã—Ç–∞–Ω–∏–π –±—É–¥–µ—Ç –æ–ø—É–±–ª–∏–∫–æ–≤–∞–Ω–æ –Ω–∞ —Å–∞–π—Ç–µ –æ—Ä–∏–µ–Ω—Ç–∏—Ä–æ–≤–æ—á–Ω–æ –∫ 1 –∏—é–Ω—è. –ù–æ –≤ –ª—é–±–æ–º —Å–ª—É—á–∞–µ —Å–Ω–∞—á–∞–ª–∞ –í—ã –ø–æ–¥–∞—ë—Ç–µ –∑–∞—è–≤–ª–µ–Ω–∏–µ –∏ –¥–æ–∫—É–º–µ–Ω—Ç—ã (–ø—Ä–∏—ë–º –æ—Ç–∫—Ä–æ–µ—Ç—Å—è —Å 20 –∏—é–Ω—è), –∞ –ø–æ—Ç–æ–º —Å–¥–∞—ë—Ç–µ —Ç–µ—Å—Ç—ã."
"–ó–¥—Ä–∞–≤—Å—Ç–≤—É–π—Ç–µ, —Å–∫–∞–∂–∏—Ç–µ –ø–æ–∂–∞–ª—É–π—Å—Ç–∞ —è –ø–æ—Å–ª–µ —Ç–µ—Ö–Ω–∏–∫—É–º–∞ —Ö–æ—á—É –ø–æ—Å—Ç—É–ø–∞—Ç—å –∫ –≤–∞–º –Ω–∞ —Ñ–∞–∫—É–ª—å—Ç–µ—Ç –º–∞—à–∏–Ω–æ—Å—Ç—Ä–æ–µ–Ω–∏—è, –∫–∞–∫–∏–µ  –ø—Ä–µ–¥–º–µ—Ç—ã –º–Ω–µ –Ω—É–∂–Ω–æ –≤—ã–±—Ä–∞—Ç—å –Ω–∞ –ø–æ–¥–≥–æ—Ç–æ–≤–∏—Ç–µ–ª—å–Ω—ã—Ö –∫—É—Ä—Å–∞—Ö,—á—Ç–æ –±—ã –ø–æ—Ç–æ–º –∑–¥–∞—Ç—å  –≤—Å—Ç—É–ø–∏—Ç–µ–ª—å–Ω—ã–µ –∏—Å–ø—ã—Ç–∞–Ω–∏—è","–î–æ–±—Ä—ã–π –¥–µ–Ω—å! –î–ª—è –ø–æ—Å—Ç—É–ø–ª–µ–Ω–∏—è –Ω–∞ –Ω–∞–ø—Ä–∞–≤–ª–µ–Ω–∏–µ '–ú–∞—à–∏–Ω–æ—Å—Ç—Ä–æ–µ–Ω–∏–µ' –Ω–µ–æ–±—Ö–æ–¥–∏–º–æ —Å–¥–∞–≤–∞—Ç—å —Ç–µ—Å—Ç—ã –ø–æ –º–∞—Ç–µ–º–∞—Ç–∏–∫–µ, —Ñ–∏–∑–∏–∫–µ –∏ —Ä—É—Å—Å–∫–æ–º—É —è–∑—ã–∫—É."
"–°–ø–∞—Å–∏–±–æ. –ê –∫–∞–∫ –º–æ–∂–Ω–æ –∑–∞–ø–∏—Å–∞—Ç—å—Å—è –Ω–∞ –ø–æ–¥–≥–æ—Ç–æ–≤–∏—Ç–µ–ª—å–Ω—ã–µ –∫—É—Ä—Å—ã?","–û–±—Ä–∞—Ç–∏—Ç—å—Å—è –≤ –≥—Ä—É–ø–ø—É https://vk.com/ct_243"
"–î–æ–±—Ä—ã–π –¥–µ–Ω—å! –†–∞—Å—Å–∫–∞–∂–∏—Ç–µ, –ø–æ–∂–∞–ª—É–π—Å—Ç–∞, –∫–∞–∫ –≤ —ç—Ç–æ–º –≥–æ–¥—É –±—É–¥–µ—Ç –ø—Ä–æ—Ö–æ–¥–∏—Ç—å —Ç–≤–æ—Ä—á–µ—Å–∫–æ–µ –∏—Å–ø—ã—Ç–∞–Ω–∏–µ? –ò –±—É–¥–µ—Ç –ª–∏ –¥–µ–Ω—å –æ—Ç–∫—Ä—ã—Ç—ã—Ö –¥–≤–µ—Ä–µ–π? –ï—Å–ª–∏ –Ω–µ—Ç, —Ç–æ –∫–∞–∫ –º–æ–∂–Ω–æ –±–æ–ª—å—à–µ —É–∑–Ω–∞—Ç—å –æ —Å–ø–µ—Ü–∏–∞–ª—å–Ω–æ—Å—Ç–∏ (–∫—Ä–æ–º–µ —Å–∞–π—Ç–∞)?","–î–æ–±—Ä—ã–π –¥–µ–Ω—å! –í –Ω–∞—Å—Ç–æ—è—â–µ–µ –≤—Ä–µ–º—è –ø—Ä–æ—Ö–æ–¥–∏—Ç –∏–∑–º–µ–Ω–µ–Ω–∏–µ –ø—Ä–æ–≥—Ä–∞–º–º –≤—Å—Ç—É–ø–∏—Ç–µ–ª—å–Ω—ã—Ö –∏—Å–ø—ã—Ç–∞–Ω–∏–π –ø–æ–¥ –¥–∏—Å—Ç–∞–Ω—Ü–∏–æ–Ω–Ω—ã–π —Ñ–æ—Ä–º–∞—Ç. –°–∫–æ—Ä–æ –æ–Ω–∏ –±—É–¥—É—Ç –æ–ø—É–±–ª–∏–∫–æ–≤–∞–Ω—ã –Ω–∞ —Å–∞–π—Ç–µ –∏ –∏–Ω—Ñ–æ—Ä–º–∞—Ü–∏—è –ø–æ—è–≤–∏—Ç—Å—è –≤ –Ω–∞—à–µ–π –≥—Ä—É–ø–ø–µ.  16 –º–∞—è –ø—Ä–æ–π–¥—ë—Ç –¥–µ–Ω—å –æ—Ç–∫—Ä—ã—Ç—ã—Ö –¥–≤–µ—Ä–µ–π –ò–ì–°–ù https://vk.com/vyat_gum?w=wall-179029664_152 –î–Ω–∏ –æ—Ç–∫—Ä—ã—Ç—ã—Ö –¥–≤–µ—Ä–µ–π –ø–æ –¥—Ä—É–≥–∏–º –∏–Ω—Å—Ç–∏—Ç—É—Ç–∞–º –í—è—Ç–ì–£ –ø–ª–∞–Ω–∏—Ä—É—é—Ç—Å—è –≤–æ –≤—Ç–æ—Ä–æ–π –ø–æ–ª–æ–≤–∏–Ω–µ –º–∞—è - —Å–ª–µ–¥–∏—Ç–µ –∑–∞ –Ω–æ–≤–æ—Å—Ç—è–º–∏ –≤ –≥—Ä—É–ø–ø–µ."
"–ü—Ä–∏–≤–µ—Ç,—Å –∫–∞–∫–∏–º –±–∞–ª–ª–æ–º –µ—Å—Ç—å –≥–∞—Ä–∞–Ω—Ç–∏—è –∫–æ–π–∫–æ-–º–µ—Å—Ç–∞ –ø—Ä–∏ –Ω–∞–ª–∏—á–∏–∏ —Å–≤–æ–±–æ–¥–Ω—ã—Ö –≤ –æ–±—â–µ–∂–∏—Ç–∏–∏?, –ü–ª–∞–Ω–∏—Ä—É–µ—Ç—Å—è –ª–∏ —Å–Ω–∏–∂–µ–Ω–∏–µ –ø—Ä–æ—Ö–æ–¥–Ω—ã—Ö –±–∞–ª–ª–æ–≤?","–î–æ–±—Ä—ã–π –¥–µ–Ω—å!  –ú—ã –Ω–µ –º–æ–∂–µ–º –∑–∞—Ä–∞–Ω–µ–µ –ø–ª–∞–Ω–∏—Ä–æ–≤–∞—Ç—å —Å–Ω–∏–∂–µ–Ω–∏–µ –ø—Ä–æ—Ö–æ–¥–Ω—ã—Ö –±–∞–ª–ª–æ–≤ - –æ–Ω–∏ –∑–∞–≤–∏—Å—è—Ç –∏—Å–∫–ª—é—á–∏—Ç–µ–ª—å–Ω–æ –æ—Ç –∫–æ–Ω–∫—É—Ä—Å–Ω–æ–π —Å–∏—Ç—É–∞—Ü–∏–∏ –≤–æ –≤—Ä–µ–º—è –ø—Ä–∏—ë–º–∞. –û–±—â–µ–∂–∏—Ç–∏–µ –≤ –ø–µ—Ä–≤—É—é –æ—á–µ—Ä–µ–¥—å –ø—Ä–µ–¥–æ—Å—Ç–∞–≤–ª—è–µ—Ç—Å—è –ø–æ—Å—Ç—É–ø–∏–≤—à–∏–º –Ω–∞ –±—é–¥–∂–µ—Ç–Ω—ã–µ –º–µ—Å—Ç–∞, –∑–∞—Ç–µ–º –ø–æ—Å—Ç—É–ø–∏–≤—à–∏–º –Ω–∞ –ø–ª–∞—Ç–Ω—ã–µ –º–µ—Å—Ç–∞. –í –ø—Ä–æ—à–ª–æ–º –≥–æ–¥—É —É–¥–∞–ª–æ—Å—å –∑–∞—Å–µ–ª–∏—Ç—å –≤—Å–µ—Ö –∂–µ–ª–∞—é—â–∏—Ö."
"–ó–¥—Ä–∞–≤—Å—Ç–≤—É–π—Ç–µ, –∏–∑–≤–∏–Ω–∏—Ç–µ –∑–∞ –≥–ª—É–ø—ã–π –≤–æ–ø—Ä–æ—Å, –Ω–æ –º–æ–∂–Ω–æ –ª–∏ –∏–º–µ—è –Ω–µ–æ–∫–æ–Ω—á–µ–Ω–Ω–æ–µ –≤—ã—Å—à–µ–µ –æ–±—Ä–∞–∑–æ–≤–∞–Ω–∏–µ ( –ö–∏—Ä–æ–≤—Å–∫–∏–π –≥–º—É, –≥–æ–¥ –æ–∫–æ–Ω—á–∞–Ω–∏—è 2021 ) , –ø–æ—Å—Ç—É–ø–∏—Ç—å —É –≤–∞—Å –≤ –º–∞–≥–∏—Å—Ç—Ä–∞—Ç—É—Ä—É (—ç–∫–æ–Ω–æ–º–∏–∫–∞/—é—Ä–∏—Å–ø—Ä—É–¥–µ–Ω—Ü–∏—è) –∏–ª–∏ –Ω—É–∂–Ω–æ –ø–æ—Å—Ç—É–ø–∞—Ç—å –Ω–∞ –±–∞–∫–∞–ª–∞–≤—Ä–∏–∞—Ç ?","–î–æ–±—Ä—ã–π –¥–µ–Ω—å!  –ü–æ—Å—Ç—É–ø–ª–µ–Ω–∏–µ –≤ –º–∞–≥–∏—Å—Ç—Ä–∞—Ç—É—Ä—É –≤–æ–∑–º–æ–∂–Ω–æ —Ç–æ–ª—å–∫–æ –ø–æ—Å–ª–µ –æ–∫–æ–Ω—á–µ–Ω–Ω–æ–≥–æ –≤—ã—Å—à–µ–≥–æ.  –ò–º–µ—è –Ω–µ–æ–∫–æ–Ω—á–µ–Ω–Ω–æ–µ –≤—ã—Å—à–µ–µ –æ–±—Ä–∞–∑–æ–≤–∞–Ω–∏–µ, –í—ã –º–æ–∂–µ—Ç–µ –ø–æ—Å—Ç—É–ø–∞—Ç—å –Ω–∞ –±–∞–∫–∞–ª–∞–≤—Ä–∏–∞—Ç –∏–ª–∏ —Å–ø–µ—Ü–∏–∞–ª–∏—Ç–µ—Ç –ø–æ –ï–ì–≠ (–µ—Å–ª–∏ –¥–æ —ç—Ç–æ–≥–æ –æ–∫–æ–Ω—á–∏–ª–∏ 11 –∫–ª–∞—Å—Å–æ–≤ –∏ –ï–ì–≠ –µ—â—ë –¥–µ–π—Å—Ç–≤–∏—Ç–µ–ª—å–Ω—ã), –ª–∏–±–æ –≤ –Ω–µ–∫–æ—Ç–æ—Ä—ã—Ö —Å–ª—É—á–∞—è—Ö –º–æ–∂–Ω–æ –ø–æ—Å—Ç—É–ø–∏—Ç—å –ø–æ –≤—É–∑–æ–≤—Å–∫–æ–º—É —Ç–µ—Å—Ç–∏—Ä–æ–≤–∞–Ω–∏—é (–Ω–∞–ø—Ä–∏–º–µ—Ä, –µ—Å–ª–∏ –æ–∫–æ–Ω—á–∏–ª–∏ –∫–æ–ª–ª–µ–¥–∂/—Ç–µ—Ö–Ω–∏–∫—É–º). –¢–∞–∫–∂–µ –í—ã –º–æ–∂–µ—Ç–µ —Ä–∞—Å—Å–º–æ—Ç—Ä–µ—Ç—å –≤–∞—Ä–∏–∞–Ω—Ç –ø–µ—Ä–µ–≤–æ–¥–∞ –≤ –Ω–∞—à –≤—É–∑ –∏–∑ –¥—Ä—É–≥–æ–≥–æ –≤—É–∑–∞.  –î–ª—è —É—Ç–æ—á–Ω–µ–Ω–∏—è –∏–Ω—Ñ–æ—Ä–º–∞—Ü–∏–∏ –ø–æ –ø–µ—Ä–µ–≤–æ–¥—É –Ω–µ–æ–±—Ö–æ–¥–∏–º–æ –æ–±—Ä–∞—Ç–∏—Ç—å—Å—è –≤ –¥–µ–∫–∞–Ω–∞—Ç –∏–Ω—Ç–µ—Ä–µ—Å—É—é—â–µ–≥–æ —Ñ–∞–∫—É–ª—å—Ç–µ—Ç–∞. –ö–æ–Ω—Ç–∞–∫—Ç—ã –º–æ–∂–Ω–æ –ø–æ—Å–º–æ—Ç—Ä–µ—Ç—å –∑–¥–µ—Å—å https://www.vyatsu.ru/contacts"
"–ë–æ–ª—å—à–æ–µ —Å–ø–∞—Å–∏–±–æ), –ê –µ—Å–ª–∏ —Ä–µ–∑—É–ª—å—Ç–∞—Ç—ã –µ–≥—ç –±–æ–ª—å—à–µ –Ω–µ –¥–µ–π—Å—Ç–≤—É—é—Ç, –∫–æ–ª–ª–µ–¥–∂/—Ç–µ—Ö–Ω–∏–∫—É–º –Ω–µ –∑–∞–∫–∞–Ω—á–∏–≤–∞–ª–∏ –≤–æ–∑–º–æ–∂–Ω–æ—Å—Ç–∏ —Å–¥–∞—Ç—å —Ç–µ—Å—Ç–∏—Ä–æ–≤–∞–Ω–∏–µ–º –Ω–µ—Ç?","–í –∫–∞–∫–æ–º –≥–æ–¥—É —É –í–∞—Å –±—ã–ª–∏ —Å–¥–∞–Ω—ã –ï–ì–≠? –ü—Ä–∏ –ø–æ—Å—Ç—É–ø–ª–µ–Ω–∏–∏ —Ç–µ—Å—Ç–∏—Ä–æ–≤–∞–Ω–∏–µ –≤ –≤—É–∑–µ –º–æ–≥—É—Ç —Å–¥–∞—Ç—å —Ç–æ–ª—å–∫–æ —Å–ª–µ–¥—É—é—â–∏–µ –∫–∞—Ç–µ–≥–æ—Ä–∏–∏: 1) –ª–∏—Ü–∞ —Å –ø—Ä–æ—Ñ–µ—Å—Å–∏–æ–Ω–∞–ª—å–Ω—ã–º –æ–±—Ä–∞–∑–æ–≤–∞–Ω–∏–µ–º (–∑–∞–∫–æ–Ω—á–µ–Ω —Ç–µ—Ö–Ω–∏–∫—É–º/–∫–æ–ª–ª–µ–¥–∂/–≤—É–∑) 2) –ª–∏—Ü–∞ —Å –∏–Ω–≤–∞–ª–∏–¥–Ω–æ—Å—Ç—å—é 3) –∏–Ω–æ—Å—Ç—Ä–∞–Ω–Ω—ã–µ –≥—Ä–∞–∂–¥–∞–Ω–µ –í –æ—Å—Ç–∞–ª—å–Ω—ã—Ö —Å–ª—É—á–∞—è—Ö - –Ω–µ–æ–±—Ö–æ–¥–∏–º—ã —Ä–µ–∑—É–ª—å—Ç–∞—Ç—ã –ï–ì–≠."
"–î–æ–±—Ä—ã–π –¥–µ–Ω—å. –ü–æ–¥—Å–∫–∞–∂–∏—Ç–µ, –ø–æ–∂–∞–ª—É–π—Å—Ç–∞, –±—É–¥–µ—Ç –ª–∏ –æ—Ä–≥–∞–Ω–∏–∑–æ–≤–∞–Ω –Ω–∞–±–æ—Ä –≤ —ç—Ç–æ–º –≥–æ–¥—É –Ω–∞ –Ω–∞–ø—Ä–∞–≤–ª–µ–Ω–∏–µ '–ü–µ—Ä–µ–≤–æ–¥ –∏ –ø–µ—Ä–µ–≤–æ–¥–æ–≤–µ–¥–µ–Ω–∏–µ (–∞–Ω–≥–ª–∏–π—Å–∫–∏–π —è–∑—ã–∫)'? –î–∞–Ω–Ω–æ–µ –Ω–∞–ø—Ä–∞–≤–ª–µ–Ω–∏–µ —è–≤–ª—è–µ—Ç—Å—è –±—é–¥–∂–µ—Ç–Ω—ã–º? –ö–∞–∫–æ–≤ –∫–æ–Ω–∫—É—Ä—Å –Ω–∞ —ç—Ç–æ—Ç —Ñ–∞–∫—É–ª—å—Ç–µ—Ç?","–î–æ–±—Ä—ã–π –¥–µ–Ω—å. –î–∞, –≤ —ç—Ç–æ–º –≥–æ–¥—É –±—É–¥–µ—Ç –Ω–∞–±–æ—Ä –Ω–∞ –Ω–∞–ø—Ä–∞–≤–ª–µ–Ω–∏–µ –ø–æ–¥–≥–æ—Ç–æ–≤–∫–∏ '–õ–∏–Ω–≥–≤–∏—Å—Ç–∏–∫–∞. –ü–µ—Ä–µ–≤–æ–¥ –∏ –ø–µ—Ä–µ–≤–æ–¥–æ–≤–µ–¥–µ–Ω–∏–µ' (–±–∞–∫–∞–ª–∞–≤—Ä–∏–∞—Ç, –æ—á–Ω–∞—è —Ñ–æ—Ä–º–∞): –ø—Ä–æ—Ñ–∏–ª—å '–ê–Ω–≥–ª–∏–π—Å–∫–∏–π, –Ω–µ–º–µ—Ü–∫–∏–π —è–∑—ã–∫–∏' - 8 –±—é–¥–∂–µ—Ç–Ω—ã—Ö –º–µ—Å—Ç, '–ù–µ–º–µ—Ü–∫–∏–π, –∞–Ω–≥–ª–∏–π—Å–∫–∏–π —è–∑—ã–∫–∏' - 8 –±—é–¥–∂–µ—Ç–Ω—ã—Ö –º–µ—Å—Ç –∏ '–ê–Ω–≥–ª–∏–π—Å–∫–∏–π, –∫–∏—Ç–∞–π—Å–∫–∏–π' - 10 –±—é–¥–∂–µ—Ç–Ω—ã—Ö –º–µ—Å—Ç. –ö–æ–Ω–∫—É—Ä—Å –ø—Ä–æ—à–ª–æ–≥–æ –≥–æ–¥–∞ (—Å–∫–æ–ª—å–∫–æ —á–µ–ª–æ–≤–µ–∫ –Ω–∞ –º–µ—Å—Ç–æ –∏ –ø—Ä–æ—Ö–æ–¥–Ω—ã–µ –±–∞–ª–ª—ã –ø–æ —Ä–∞–∑–Ω—ã–º –∫–æ–Ω–∫—É—Ä—Å–Ω—ã–º –≥—Ä—É–ø–ø–∞–º) –º–æ–∂–Ω–æ –ø–æ—Å–º–æ—Ç—Ä–µ—Ç—å –∑–¥–µ—Å—å https://www.vyatsu.ru/uploads/file/1909/itogi2019do_4.pdf"
"–ó–¥—Ä–∞–≤—Å—Ç–≤—É–π—Ç–µ , –ø–æ–¥—Å–∫–∞–∂–∏—Ç–µ, –ø–æ–∂–∞–ª—É–π—Å—Ç–∞, –µ—Å—Ç—å –ª–∏ —É –≤–∞—Å –æ–±—â–µ–∂–∏—Ç–∏–µ –¥–ª—è –∏–Ω–æ–≥–æ—Ä–æ–¥–Ω–∏—Ö?","–î–æ–±—Ä—ã–π –¥–µ–Ω—å! –î–∞, –∫–æ–Ω–µ—á–Ω–æ. –ü–æ–¥—Ä–æ–±–Ω–µ–µ –º–æ–∂–Ω–æ —É–∑–Ω–∞—Ç—å –∑–¥–µ—Å—å https://www.vyatsu.ru/abiturientu/univers/dni-otkryityih-dverey-1/info-for-1-kurs#dorm-link"
"–æ–±—â–µ–∂–∏—Ç–∏–µ —Ç–æ–ª—å–∫–æ –¥–ª—è —Å—Ç—É–¥–µ–Ω—Ç–æ–≤ —É–Ω–∏–≤–µpc–∏—Ç–µ—Ç–∞ ?, –∏–ª–∏ –Ω–∞ –∫–æ–ª–ª–µ–¥–∂ —Ç–æ–∂–µ ?","–û–±—ã—á–Ω–æ –¥–ª—è —Å—Ç—É–¥–µ–Ω—Ç–æ–≤ –∫–æ–ª–ª–µ–¥–∂–∞ —Ç–æ–∂–µ –≤—ã–¥–µ–ª—è–ª–∏—Å—å –º–µ—Å—Ç–∞ –≤ –æ–±—â–µ–∂–∏—Ç–∏–∏. –õ—É—á—à–µ –æ–±—Ä–∞—Ç–∏—Ç—å—Å—è –Ω–µ–ø–æ—Å—Ä–µ–¥—Å—Ç–≤–µ–Ω–Ω–æ –∫ —Å–æ—Ç—Ä—É–¥–Ω–∏–∫–∞–º –∫–æ–ª–ª–µ–¥–∂–∞ –≤ —ç—Ç–æ–π –≥—Ä—É–ø–ø–µ https://vk.com/kollegevyatsu –∏–ª–∏ –ø–æ —Ç–µ–ª. 8(8332)74-26-74"
"–ó–¥—Ä–∞–≤—Å—Ç–≤—É–π—Ç–µ. –ö–∞–∫ –∂–µ –∫ –≤–∞–º –ø–æ–ø–∞—Å—Ç—å –≤ —ç—Ç–æ–º –≥–æ–¥—É,–µ—Å–ª–∏ –æ—Ç–ª–æ–∂–∞—Ç –ï–ì–≠ –¥–æ –∞–≤–≥—É—Å—Ç–∞-—Å–µ–Ω—Ç—è–±—Ä—è? –ö–∞–∫ –±—ã—Ç—å?üòü, –ü—Ä–∏—ë–º –Ω–∞—á–Ω—ë—Ç—Å—è 20 –∏—é–Ω—è....","–î–æ–±—Ä—ã–π –¥–µ–Ω—å. –ï—Å–ª–∏ —Å–¥–≤–∏–Ω—É—Ç—Å—è —Å—Ä–æ–∫–∏ –ï–ì–≠, —Ç–æ –∏ –ø—Ä–∏—ë–º –¥–æ–∫—É–º–µ–Ω—Ç–æ–≤ –±—É–¥–µ—Ç –ø—Ä–æ–¥–ª—ë–Ω. –¢–∞–∫ —á—Ç–æ –Ω–µ –≤–æ–ª–Ω—É–π—Ç–µ—Å—å, –≤—Å—ë —É—Å–ø–µ–µ—Ç–µ)"
"–ó–¥—Ä–∞–≤—Å—Ç–≤—É–π—Ç–µ, —Å–∫–∞–∂–∏—Ç–µ –ø–æ–∂–∞–ª—É–π—Å—Ç–∞ —á—Ç–æ –Ω—É–∂–Ω–æ –¥–ª—è –ø–æ—Å—Ç—É–ø–ª–µ–Ω–∏—è –≤ –≤–∞—à –í–£–ó –ø–æ—Å–ª–µ —Ç–µ—Ö–Ω–∏–∫—É–º–∞, –∫–∞–∫–∏–µ —ç–∫–∑–∞–º–µ–Ω—ã —Å–¥–∞–≤–∞—Ç—å –∏–ª–∏ –≤—Å—Ç—É–ø–∏—Ç–µ–ª—å–Ω—ã–µ –∏—Å–ø—ã—Ç–∞–Ω–∏—è ?, –ê —É –≤–∞—Å –µ—Å—Ç—å –∫–∞–∫–∏–µ –Ω–∏–±—É—Ç—å –ø–æ–¥–≥–æ—Ç–æ–≤–∏—Ç–µ–ª—å–Ω—ã–µ –∫—É—Ä—Å—ã?","–î–æ–±—Ä—ã–π –¥–µ–Ω—å! –ï—Å–ª–∏ –í—ã –∑–∞–∫–æ–Ω—á–∏–ª–∏ —Ç–µ—Ö–Ω–∏–∫—É–º, —Ç–æ —Å–¥–∞—é—Ç—Å—è –≤—Å—Ç—É–ø–∏—Ç–µ–ª—å–Ω—ã–µ –∏—Å–ø—ã—Ç–∞–Ω–∏—è –≤ —Ñ–æ—Ä–º–µ —Ç–µ—Å—Ç–∏—Ä–æ–≤–∞–Ω–∏—è., https://vk.com/ct_243 - –≥—Ä—É–ø–ø–∞ –ø–æ–¥–≥–æ—Ç–æ–≤–∏—Ç–µ–ª—å–Ω—ã—Ö –∫—É—Ä—Å–æ–≤ –í—è—Ç–ì–£. –ù–∞–ø–∏—à–∏—Ç–µ, –ø–æ–∂–∞–ª—É–π—Å—Ç–∞, –∏–º –≤ —Å–æ–æ–±—â–µ–Ω–∏—è –ø–æ –ø–æ–≤–æ–¥—É –ø–æ–¥–≥–æ—Ç–æ–≤–∫–∏"
"–ó–¥—Ä–∞–≤—Å—Ç–≤—É–π—Ç–µ, —Å–∫–∞–∂–∏—Ç–µ –ø–æ–∂–∞–ª—É–π—Å—Ç–∞ –∞ –∫–æ–≥–¥–∞ –±—É–¥—É—Ç –ø—Ä–æ—Ö–æ–¥–∏—Ç—å –≤—Å—Ç—É–ø–∏—Ç–µ–ª—å–Ω—ã–µ –∏—Å–ø—ã—Ç–∞–Ω–∏—è?–°–ø–∞—Å–∏–±–æ.","–†–∞—Å–ø–∏—Å–∞–Ω–∏–µ –≤—Å—Ç—É–ø–∏—Ç–µ–ª—å–Ω—ã—Ö –∏—Å–ø—ã—Ç–∞–Ω–∏–π –±—É–¥–µ—Ç –æ–ø—É–±–ª–∏–∫–æ–≤–∞–Ω–æ –Ω–∞ —Å–∞–π—Ç–µ –æ—Ä–∏–µ–Ω—Ç–∏—Ä–æ–≤–æ—á–Ω–æ –∫ 1 –∏—é–Ω—è"
